Date,Open,High,Low,Close,Adj Close,Volume,Direction
2015-11-18,1194.449951,1194.449951,1173.0,1175.719971,1038.072876,1520352.0,
2015-11-19,1182.680054,1190.800049,1176.0,1181.280029,1042.982178,1866906.0,UP
2015-11-20,1183.25,1211.780029,1180.969971,1199.180054,1058.786377,2012126.0,UP
2015-11-23,1202.650024,1206.699951,1191.119995,1195.530029,1055.563843,1088082.0,DOWN
2015-11-24,1190.030029,1196.219971,1182.75,1183.969971,1045.3573,998640.0,DOWN
2015-11-26,1188.949951,1191.199951,1168.930054,1172.780029,1035.477173,2915292.0,DOWN
2015-11-27,1174.0,1179.719971,1166.25,1176.680054,1038.920654,1737206.0,UP
2015-11-30,1182.5,1195.619995,1175.069946,1186.780029,1047.838257,4100048.0,UP
2015-12-01,1181.449951,1189.030029,1178.530029,1180.949951,1042.69043,1721994.0,DOWN
2015-12-02,1189.0,1189.050049,1173.25,1182.599976,1044.147461,1640296.0,UP
2015-12-03,1180.0,1186.5,1173.5,1175.380005,1037.772705,2283358.0,DOWN
2015-12-04,1170.0,1173.650024,1160.550049,1164.199951,1027.901733,1246092.0,DOWN
2015-12-07,1166.099976,1171.949951,1157.619995,1159.900024,1024.105103,1382604.0,DOWN
2015-12-08,1159.699951,1174.5,1158.650024,1164.5,1028.166626,1139964.0,UP
2015-12-09,1168.949951,1186.400024,1160.0,1183.819946,1045.224609,5282806.0,UP
2015-12-10,1184.5,1195.599976,1176.0,1192.280029,1052.69397,1723988.0,UP
2015-12-11,1191.5,1195.969971,1181.619995,1193.0,1053.329956,1652378.0,UP
2015-12-14,1167.599976,1193.5,1165.300049,1189.219971,1049.992676,2718532.0,DOWN
2015-12-15,1189.219971,1192.5,1181.530029,1187.930054,1048.853516,1135868.0,DOWN
2015-12-16,1192.0,1207.25,1192.0,1204.199951,1063.218872,1435934.0,UP
2015-12-17,1207.5,1222.5,1196.680054,1219.880005,1077.062988,1618844.0,UP
2015-12-18,1210.0,1217.099976,1200.319946,1208.400024,1066.92688,3024970.0,DOWN
2015-12-21,1209.969971,1225.0,1203.430054,1223.199951,1079.994019,1610104.0,UP
2015-12-22,1220.0,1220.0,1200.0,1202.530029,1061.744263,1560858.0,DOWN
2015-12-23,1207.5,1217.5,1205.280029,1212.900024,1070.900146,849834.0,UP
2015-12-24,1210.5,1219.099976,1202.0,1217.119995,1074.626099,843160.0,UP
2015-12-28,1214.0,1233.199951,1210.099976,1231.349976,1087.189941,3704198.0,UP
2015-12-29,1229.180054,1232.650024,1222.880005,1227.900024,1084.143921,1708524.0,DOWN
2015-12-30,1226.530029,1229.5,1206.150024,1209.150024,1067.589111,1605762.0,DOWN
2015-12-31,1207.880005,1224.25,1203.75,1218.430054,1075.782837,1240318.0,UP
2016-01-01,1219.5,1219.5,1206.119995,1208.199951,1066.750488,712262.0,DOWN
2016-01-04,1205.069946,1207.0,1183.030029,1184.800049,1046.089966,1870184.0,DOWN
2016-01-05,1192.5,1193.300049,1170.5,1174.469971,1036.969604,2678020.0,DOWN
2016-01-06,1175.099976,1193.069946,1175.099976,1190.800049,1051.387573,2653228.0,UP
2016-01-07,1185.0,1191.449951,1180.0,1185.619995,1046.813721,3199580.0,DOWN
2016-01-08,1192.5,1203.680054,1186.25,1198.800049,1058.450806,1907544.0,UP
2016-01-11,1191.25,1192.0,1174.430054,1181.180054,1042.893799,2930228.0,DOWN
2016-01-12,1181.349976,1182.5,1150.800049,1163.530029,1027.309937,3482594.0,DOWN
2016-01-13,1158.5,1163.5,1127.550049,1139.599976,1006.181702,4746092.0,DOWN
2016-01-14,1136.5,1149.449951,1125.0,1139.400024,1006.005249,2742052.0,DOWN
2016-01-15,1144.430054,1145.849976,1127.5,1130.550049,998.191406,3269408.0,DOWN
2016-01-18,1131.0,1145.949951,1130.0,1138.819946,1005.493225,2213922.0,UP
2016-01-19,1138.5,1150.0,1134.150024,1139.650024,1006.226135,967910.0,UP
2016-01-20,1136.900024,1142.5,1121.5,1140.050049,1006.579102,1615954.0,UP
2016-01-21,1142.5,1144.949951,1122.880005,1127.25,1000.102539,2675536.0,DOWN
2016-01-22,1136.5,1151.030029,1130.0,1147.880005,1018.405396,1343178.0,UP
2016-01-25,1150.949951,1169.5,1145.75,1152.319946,1022.344788,1397560.0,UP
2016-01-27,1151.0,1164.969971,1140.949951,1159.880005,1029.052002,1626986.0,UP
2016-01-28,1157.75,1174.449951,1154.030029,1165.599976,1034.126709,3106660.0,UP
2016-01-29,1179.349976,1200.0,1167.530029,1195.650024,1060.787354,2235744.0,UP
2016-02-01,1195.550049,1206.469971,1179.5,1201.349976,1065.844238,1495274.0,UP
2016-02-02,1204.5,1216.5,1189.849976,1199.050049,1063.803833,1475588.0,DOWN
2016-02-03,1193.75,1214.949951,1180.150024,1208.150024,1071.877441,1308692.0,UP
2016-02-04,1210.949951,1220.0,1201.0,1210.030029,1073.545166,1250046.0,UP
2016-02-05,1204.050049,1219.969971,1204.050049,1210.969971,1074.379395,1402996.0,UP
2016-02-08,1200.0,1206.030029,1173.5,1181.469971,1048.206543,1063658.0,DOWN
2016-02-09,1166.800049,1166.800049,1127.800049,1140.699951,1012.035278,2489610.0,DOWN
2016-02-10,1137.5,1144.949951,1129.050049,1134.400024,1006.446106,1890732.0,DOWN
2016-02-11,1140.0,1144.5,1085.819946,1098.969971,975.012207,1962408.0,DOWN
2016-02-12,1100.0,1121.699951,1082.0,1113.300049,987.725769,2172568.0,UP
2016-02-15,1125.0,1153.430054,1120.0,1134.569946,1006.59668,2479712.0,UP
2016-02-16,1133.0,1141.0,1121.5,1132.780029,1005.008606,1588702.0,DOWN
2016-02-17,1132.5,1139.819946,1123.199951,1137.780029,1009.444824,1585178.0,UP
2016-02-18,1142.5,1159.880005,1139.0,1157.930054,1027.321899,1529140.0,UP
2016-02-19,1153.680054,1163.5,1152.719971,1159.819946,1028.998779,879012.0,UP
2016-02-22,1160.119995,1171.5,1152.5,1157.949951,1027.339966,1324884.0,DOWN
2016-02-23,1155.119995,1159.949951,1128.380005,1132.0,1004.316711,1306852.0,DOWN
2016-02-24,1131.219971,1131.219971,1100.599976,1105.469971,980.779114,1659328.0,DOWN
2016-02-25,1109.900024,1114.0,1092.819946,1106.430054,981.63092,1830556.0,UP
2016-02-26,1114.849976,1128.449951,1099.800049,1105.25,980.583923,1537536.0,DOWN
2016-02-29,1118.5,1118.5,1057.5,1088.400024,965.63446,2191718.0,DOWN
2016-03-01,1096.5,1142.550049,1081.0,1138.319946,1009.92395,1999760.0,UP
2016-03-02,1152.5,1165.0,1128.119995,1159.430054,1028.652832,1527486.0,UP
2016-03-03,1168.0,1195.5,1150.5,1186.569946,1052.731689,2648284.0,UP
2016-03-04,1190.0,1190.0,1174.780029,1178.780029,1045.82019,1512966.0,DOWN
2016-03-08,1171.050049,1183.5,1152.099976,1177.150024,1044.373901,1268152.0,DOWN
2016-03-09,1170.5,1184.699951,1147.569946,1178.619995,1045.678223,2017784.0,UP
2016-03-10,1178.030029,1179.930054,1157.469971,1174.150024,1041.71228,1661666.0,DOWN
2016-03-11,1170.0,1195.430054,1167.5,1182.619995,1049.227173,1530528.0,UP
2016-03-14,1181.0,1199.0,1170.0,1177.5,1044.68457,1636742.0,DOWN
2016-03-15,1174.530029,1181.75,1160.050049,1164.949951,1033.550049,1623356.0,DOWN
2016-03-16,1157.5,1166.0,1153.449951,1163.530029,1032.290283,1918246.0,DOWN
2016-03-17,1167.0,1180.900024,1166.0,1176.030029,1043.380371,2221088.0,UP
2016-03-18,1180.0,1215.0,1180.0,1212.930054,1076.118286,3204070.0,UP
2016-03-21,1213.0,1227.469971,1210.0,1223.119995,1085.158691,2336982.0,UP
2016-03-22,1221.0,1242.5,1218.25,1236.550049,1097.074097,1951984.0,UP
2016-03-23,1243.949951,1243.949951,1228.650024,1236.900024,1097.384766,2278434.0,UP
2016-03-28,1245.5,1258.569946,1230.780029,1236.699951,1097.207397,3320882.0,DOWN
2016-03-29,1239.0,1243.469971,1227.5,1234.699951,1095.432495,1838796.0,DOWN
2016-03-30,1235.449951,1252.5,1230.0,1244.75,1104.348877,2136504.0,UP
2016-03-31,1239.150024,1275.0,1236.069946,1260.150024,1118.011841,4363964.0,UP
2016-04-01,1252.5,1260.430054,1217.050049,1226.949951,1088.556396,3041400.0,DOWN
2016-04-04,1228.0,1244.0,1223.5,1235.619995,1096.248901,1752352.0,UP
2016-04-05,1235.400024,1242.449951,1221.030029,1231.380005,1092.487183,1491794.0,DOWN
2016-04-06,1235.0,1244.5,1229.680054,1240.949951,1100.977783,1763150.0,UP
2016-04-07,1240.0,1242.349976,1228.5,1235.400024,1096.053833,2390942.0,DOWN
2016-04-08,1233.0,1236.849976,1213.5,1216.030029,1078.868408,1399500.0,DOWN
2016-04-11,1216.5,1258.5,1206.5,1253.319946,1111.952515,2400648.0,UP
2016-04-12,1249.0,1262.5,1244.050049,1259.069946,1117.053711,1303628.0,UP
2016-04-13,1265.0,1272.5,1256.25,1263.099976,1120.629395,1601468.0,UP
2016-04-18,1226.5,1276.75,1220.0,1259.880005,1117.772583,7121504.0,DOWN
2016-04-20,1267.449951,1267.449951,1220.0,1225.180054,1086.986694,6405024.0,DOWN
2016-04-21,1225.5,1233.699951,1206.099976,1212.199951,1075.470459,2525724.0,DOWN
2016-04-22,1209.5,1217.699951,1202.099976,1208.530029,1072.214722,1964126.0,DOWN
2016-04-25,1201.150024,1228.530029,1201.150024,1225.619995,1087.376587,2267654.0,UP
2016-04-26,1224.5,1246.75,1221.0,1244.900024,1104.4823,2554368.0,UP
2016-04-27,1240.0,1257.300049,1237.949951,1255.550049,1113.931274,1848670.0,UP
2016-04-28,1250.650024,1270.0,1249.050049,1263.880005,1121.321411,4992744.0,UP
2016-04-29,1258.5,1271.0,1255.0,1267.75,1124.754883,2372178.0,UP
2016-05-02,1264.5,1265.0,1250.0,1263.349976,1120.851074,1116692.0,DOWN
2016-05-03,1262.5,1265.0,1236.0,1239.050049,1099.292114,2153118.0,DOWN
2016-05-04,1236.949951,1247.030029,1228.5,1239.0,1099.247559,1364892.0,DOWN
2016-05-05,1239.0,1244.969971,1231.780029,1235.150024,1095.832031,1246566.0,DOWN
2016-05-06,1232.5,1242.150024,1215.5,1236.699951,1097.207397,885598.0,UP
2016-05-09,1236.699951,1259.0,1228.199951,1256.280029,1114.578491,1821276.0,UP
2016-05-10,1257.5,1266.969971,1248.0,1261.449951,1119.165283,1158534.0,UP
2016-05-11,1250.0,1262.800049,1245.0,1259.150024,1117.124634,1598716.0,DOWN
2016-05-12,1260.280029,1284.949951,1260.280029,1283.099976,1138.373657,1513082.0,UP
2016-05-13,1282.5,1283.0,1255.069946,1261.699951,1119.387207,1621730.0,DOWN
2016-05-16,1269.0,1282.400024,1261.25,1275.569946,1131.692749,1111526.0,UP
2016-05-17,1282.099976,1295.619995,1276.0,1285.099976,1140.147949,1756698.0,UP
2016-05-18,1282.930054,1282.930054,1263.030029,1275.550049,1131.674927,1500740.0,DOWN
2016-05-19,1277.5,1280.0,1263.050049,1278.469971,1134.265625,1038792.0,UP
2016-05-20,1271.150024,1282.900024,1261.400024,1264.650024,1122.004517,1230918.0,DOWN
2016-05-23,1272.0,1272.949951,1240.099976,1245.719971,1105.209595,1533016.0,DOWN
2016-05-24,1242.0,1244.119995,1229.800049,1233.849976,1094.678467,1339158.0,DOWN
2016-05-25,1240.5,1266.469971,1240.5,1263.219971,1120.73584,1548678.0,UP
2016-05-26,1265.0,1282.449951,1252.550049,1274.349976,1130.610352,1943248.0,UP
2016-05-27,1276.569946,1289.930054,1275.300049,1286.319946,1141.230103,1104676.0,UP
2016-05-30,1291.5,1320.969971,1291.0,1318.199951,1169.514404,1349464.0,UP
2016-05-31,1320.0,1323.5,1281.0,1284.699951,1139.793091,3722608.0,DOWN
2016-06-01,1285.599976,1322.5,1285.5,1316.780029,1168.254639,1911942.0,UP
2016-06-02,1300.0,1327.150024,1300.0,1325.069946,1175.609253,1408756.0,UP
2016-06-03,1325.699951,1329.0,1310.25,1314.780029,1166.47998,1554922.0,DOWN
2016-06-06,1310.25,1319.5,1301.599976,1306.25,1183.210815,1322026.0,UP
2016-06-07,1307.0,1319.5,1306.5,1315.569946,1191.652344,1202194.0,UP
2016-06-08,1308.619995,1314.280029,1302.75,1306.550049,1183.482178,938266.0,DOWN
2016-06-09,1311.199951,1311.199951,1277.599976,1288.619995,1167.240845,1562138.0,DOWN
2016-06-10,1283.0,1301.619995,1276.599976,1277.880005,1157.512695,1396832.0,DOWN
2016-06-13,1270.0,1276.680054,1259.0,1273.5,1153.545044,1029978.0,DOWN
2016-06-14,1279.469971,1279.469971,1259.119995,1267.430054,1148.047119,977570.0,DOWN
2016-06-15,1265.0,1282.449951,1261.0,1278.430054,1158.010986,1270844.0,UP
2016-06-16,1272.780029,1282.349976,1258.219971,1279.150024,1158.662964,1145070.0,UP
2016-06-17,1279.5,1305.0,1279.5,1301.300049,1178.726685,1878988.0,UP
2016-06-20,1301.300049,1334.0,1295.900024,1329.650024,1204.406372,1872838.0,UP
2016-06-21,1331.75,1332.5,1320.699951,1325.599976,1200.737549,1027690.0,DOWN
2016-06-22,1325.0,1338.849976,1315.880005,1333.819946,1208.18335,1761712.0,UP
2016-06-23,1327.5,1329.75,1312.650024,1322.680054,1198.092651,1397014.0,DOWN
2016-06-24,1282.569946,1296.599976,1257.069946,1286.969971,1165.746216,3766586.0,DOWN
2016-06-27,1273.5,1273.5,1241.319946,1247.930054,1130.383545,4272566.0,DOWN
2016-06-28,1247.930054,1251.449951,1229.199951,1231.969971,1115.927124,4499524.0,DOWN
2016-06-29,1237.5,1256.25,1232.650024,1251.449951,1133.572144,2531264.0,UP
2016-06-30,1261.0,1281.449951,1250.180054,1276.550049,1156.308105,5121812.0,UP
2016-07-01,1281.0,1282.300049,1247.180054,1250.430054,1132.648315,2197296.0,DOWN
2016-07-04,1258.0,1262.930054,1241.0,1247.099976,1129.631958,1883484.0,DOWN
2016-07-05,1247.099976,1248.530029,1238.569946,1242.650024,1125.600952,1559748.0,DOWN
2016-07-07,1243.849976,1245.930054,1212.5,1214.900024,1100.464722,3316800.0,DOWN
2016-07-08,1217.5,1221.030029,1201.75,1213.300049,1099.015869,2456356.0,DOWN
2016-07-11,1215.0,1235.900024,1213.5,1232.069946,1116.017456,1543632.0,UP
2016-07-12,1235.849976,1237.5,1217.930054,1232.469971,1116.380005,1465536.0,UP
2016-07-13,1239.0,1249.619995,1225.619995,1246.550049,1129.133667,2102300.0,UP
2016-07-14,1243.0,1264.5,1235.5,1260.949951,1142.177124,2699988.0,UP
2016-07-15,1258.5,1263.900024,1213.280029,1222.680054,1107.512329,8336366.0,DOWN
2016-07-18,1223.5,1234.5,1215.300049,1216.719971,1102.113281,2598850.0,DOWN
2016-07-19,1213.75,1236.400024,1213.75,1233.099976,1116.950317,2362896.0,UP
2016-07-20,1225.0,1251.25,1224.069946,1247.469971,1129.967041,2815252.0,UP
2016-07-21,1244.75,1259.75,1232.219971,1253.030029,1135.003418,2527148.0,UP
2016-07-22,1249.449951,1262.0,1246.0,1257.550049,1139.097656,1517216.0,UP
2016-07-25,1256.0,1281.599976,1252.900024,1279.469971,1164.974487,1688796.0,UP
2016-07-26,1279.469971,1284.0,1266.5,1276.300049,1162.088013,2311290.0,DOWN
2016-07-27,1277.5,1290.199951,1272.5,1288.780029,1173.451416,1750510.0,UP
2016-07-28,1290.25,1314.780029,1288.530029,1309.619995,1192.426147,4632080.0,UP
2016-07-29,1307.0,1317.449951,1299.5,1309.650024,1192.453735,2488084.0,UP
2016-08-01,1316.0,1362.5,1316.0,1354.119995,1232.944092,3961704.0,UP
2016-08-02,1351.449951,1357.849976,1344.900024,1349.599976,1228.828613,2578162.0,DOWN
2016-08-03,1343.0,1349.5,1324.530029,1328.150024,1209.297974,2294702.0,DOWN
2016-08-04,1335.0,1341.469971,1318.119995,1326.0,1207.340332,1415416.0,DOWN
2016-08-05,1336.949951,1342.150024,1316.0,1324.550049,1206.020142,1868484.0,DOWN
2016-08-08,1320.0,1334.0,1314.530029,1324.75,1206.202515,2058244.0,UP
2016-08-09,1329.0,1329.900024,1289.430054,1325.099976,1206.520996,2261914.0,UP
2016-08-10,1325.5,1341.0,1324.0,1337.699951,1217.993652,2062078.0,UP
2016-08-11,1332.780029,1357.5,1332.780029,1354.949951,1233.699951,2233138.0,UP
2016-08-12,1352.5,1372.400024,1351.030029,1369.219971,1246.693115,2327358.0,UP
2016-08-16,1369.0,1370.0,1336.930054,1345.849976,1225.414185,3183754.0,DOWN
2016-08-17,1349.5,1349.5,1309.0,1312.280029,1194.848145,1848566.0,DOWN
2016-08-18,1317.5,1328.780029,1315.050049,1319.280029,1201.221924,1292064.0,UP
2016-08-19,1320.0,1323.219971,1300.0,1301.75,1185.260498,2416244.0,DOWN
2016-08-22,1294.0,1297.219971,1268.150024,1274.349976,1160.312622,2265274.0,DOWN
2016-08-23,1272.469971,1302.469971,1270.099976,1300.530029,1184.150024,1503374.0,UP
2016-08-24,1294.900024,1301.0,1284.530029,1286.030029,1170.947021,1116878.0,DOWN
2016-08-25,1290.0,1294.849976,1263.0,1275.530029,1161.386719,1939690.0,DOWN
2016-08-26,1279.900024,1286.280029,1258.599976,1262.469971,1149.495483,1250314.0,DOWN
2016-08-29,1267.469971,1267.469971,1233.380005,1250.280029,1138.396851,1488728.0,DOWN
2016-08-30,1255.0,1274.900024,1250.619995,1272.069946,1158.236572,1444026.0,UP
2016-08-31,1275.0,1275.0,1250.430054,1255.650024,1143.286011,3231668.0,DOWN
2016-09-01,1262.449951,1267.469971,1243.530029,1253.75,1141.55603,1345736.0,DOWN
2016-09-02,1256.0,1259.699951,1248.030029,1257.400024,1144.879272,1742330.0,UP
2016-09-06,1259.949951,1260.069946,1240.0,1242.030029,1130.884399,2239066.0,DOWN
2016-09-07,1249.849976,1249.849976,1211.5,1220.280029,1111.081055,3854040.0,DOWN
2016-09-08,1180.0,1180.0,1142.380005,1161.050049,1057.151611,7021516.0,DOWN
2016-09-09,1164.849976,1183.319946,1160.030029,1176.219971,1070.963867,2742438.0,UP
2016-09-12,1168.5,1181.969971,1162.0,1179.530029,1073.977539,2024454.0,UP
2016-09-14,1181.0,1188.800049,1155.0,1164.219971,1060.037842,2069858.0,DOWN
2016-09-15,1169.969971,1171.050049,1158.380005,1163.469971,1059.354614,2818964.0,DOWN
2016-09-16,1168.349976,1188.0,1160.0,1180.849976,1075.179688,4358004.0,UP
2016-09-19,1182.5,1213.5,1175.0,1205.719971,1097.823975,2802546.0,UP
2016-09-20,1205.5,1208.449951,1192.699951,1203.25,1095.575317,1184552.0,DOWN
2016-09-21,1203.849976,1212.0,1200.349976,1206.699951,1098.716309,1678020.0,UP
2016-09-22,1212.619995,1214.0,1185.550049,1189.0,1082.600098,2857574.0,DOWN
2016-09-23,1191.0,1201.930054,1185.569946,1199.050049,1091.751099,1800726.0,UP
2016-09-26,1200.550049,1209.550049,1197.5,1200.550049,1093.116821,1753476.0,UP
2016-09-27,1200.550049,1224.0,1200.550049,1218.050049,1109.050659,2038792.0,UP
2016-09-28,1215.5,1218.75,1207.599976,1211.530029,1103.114014,1731328.0,DOWN
2016-09-29,1217.5,1228.25,1209.800049,1218.900024,1109.824707,3603958.0,UP
2016-09-30,1218.530029,1224.900024,1211.550049,1215.400024,1106.637939,2175364.0,DOWN
2016-10-03,1225.0,1228.819946,1200.550049,1205.849976,1097.942383,1818880.0,DOWN
2016-10-04,1210.0,1212.530029,1199.0,1202.569946,1094.955566,1780718.0,DOWN
2016-10-05,1204.0,1207.699951,1188.050049,1193.180054,1086.406372,1176354.0,DOWN
2016-10-06,1197.5,1201.199951,1186.380005,1194.380005,1087.498779,2267572.0,UP
2016-10-07,1194.0,1194.0,1179.099976,1183.900024,1077.956421,1816512.0,DOWN
2016-10-10,1184.949951,1193.449951,1177.530029,1190.150024,1083.647095,1202142.0,UP
2016-10-13,1181.650024,1184.949951,1160.449951,1164.449951,1060.246948,5173334.0,DOWN
2016-10-14,1157.5,1193.5,1145.5,1183.099976,1077.228027,7741214.0,UP
2016-10-17,1184.449951,1187.900024,1172.199951,1181.219971,1075.516235,2728346.0,DOWN
2016-10-18,1188.0,1207.849976,1177.400024,1200.099976,1092.706543,2128632.0,UP
2016-10-19,1200.5,1205.0,1185.150024,1197.550049,1090.385132,1985058.0,DOWN
2016-10-20,1198.449951,1204.680054,1193.0,1200.569946,1093.134888,1265854.0,UP
2016-10-21,1200.0,1215.949951,1199.119995,1214.319946,1105.654297,1259660.0,UP
2016-10-24,1214.099976,1217.449951,1201.280029,1213.849976,1111.174561,1253190.0,UP
2016-10-25,1202.5,1207.300049,1190.5,1199.219971,1097.78186,1772466.0,DOWN
2016-10-26,1199.300049,1201.380005,1186.25,1198.119995,1096.77478,1437130.0,DOWN
2016-10-27,1189.849976,1214.75,1182.75,1209.050049,1106.780518,2941602.0,UP
2016-10-28,1205.0,1207.550049,1194.0,1199.349976,1097.901123,1752102.0,DOWN
2016-11-01,1199.849976,1199.849976,1167.069946,1175.0,1075.610474,2934776.0,DOWN
2016-11-02,1170.5,1172.0,1147.5,1152.030029,1054.583374,2325076.0,DOWN
2016-11-03,1147.0,1167.5,1142.25,1159.719971,1061.623047,1463310.0,UP
2016-11-04,1160.0,1168.069946,1147.0,1165.280029,1066.712891,1183752.0,UP
2016-11-07,1168.949951,1172.449951,1130.030029,1138.530029,1042.225586,2048052.0,DOWN
2016-11-08,1140.219971,1153.5,1130.0,1141.599976,1045.0354,1933634.0,UP
2016-11-09,1090.0,1137.5,1071.430054,1084.930054,993.159119,4500226.0,DOWN
2016-11-10,1102.400024,1108.75,1070.400024,1077.719971,986.559204,2172426.0,DOWN
2016-11-11,1073.530029,1073.530029,1043.099976,1050.569946,961.705505,2398424.0,DOWN
2016-11-15,1058.449951,1078.780029,1025.949951,1060.650024,970.932983,6290324.0,UP
2016-11-16,1072.550049,1104.449951,1069.0,1094.800049,1002.194458,4019958.0,UP
2016-11-17,1092.5,1104.300049,1065.069946,1068.599976,978.210693,2504688.0,DOWN
2016-11-18,1071.0,1075.0,1052.099976,1062.550049,972.672546,2140534.0,DOWN
2016-11-21,1063.099976,1070.0,1052.5,1066.449951,976.242493,1793366.0,UP
2016-11-22,1066.0,1088.719971,1061.030029,1067.5,977.203796,1318860.0,UP
2016-11-23,1074.5,1081.469971,1063.599976,1078.180054,986.980164,1275808.0,UP
2016-11-24,1077.449951,1103.800049,1068.5,1094.219971,1001.66333,3026234.0,UP
2016-11-25,1106.0,1153.619995,1096.099976,1150.180054,1052.890137,4276148.0,UP
2016-11-28,1147.0,1159.719971,1125.949951,1141.300049,1044.761475,1924296.0,DOWN
2016-11-29,1137.5,1146.0,1126.280029,1129.930054,1034.353027,1442296.0,DOWN
2016-11-30,1132.5,1147.380005,1121.150024,1138.030029,1041.7677,3445832.0,UP
2016-12-01,1138.5,1145.0,1127.030029,1131.719971,1035.991577,1123052.0,DOWN
2016-12-02,1129.0,1135.400024,1102.599976,1110.930054,1016.960083,1998032.0,DOWN
2016-12-05,1114.5,1118.930054,1085.0,1093.0,1000.546753,2249526.0,DOWN
2016-12-06,1095.0,1101.969971,1084.949951,1091.180054,998.880737,1593444.0,DOWN
2016-12-07,1091.099976,1092.219971,1072.819946,1077.280029,986.156372,2065706.0,DOWN
2016-12-08,1080.25,1099.5,1080.0,1097.880005,1005.013977,3239546.0,UP
2016-12-09,1102.5,1109.949951,1086.650024,1097.619995,1004.775818,1588718.0,DOWN
2016-12-12,1097.400024,1108.800049,1081.5,1104.099976,1010.707825,1311758.0,UP
2016-12-13,1109.0,1109.0,1091.5,1100.150024,1007.091919,2147534.0,DOWN
2016-12-14,1107.0,1112.349976,1094.5,1103.800049,1010.433167,1870366.0,UP
2016-12-15,1101.0,1136.050049,1101.0,1129.650024,1034.096558,4295410.0,UP
2016-12-16,1138.5,1145.0,1126.0,1141.319946,1044.779419,1987230.0,UP
2016-12-19,1140.0,1148.849976,1130.650024,1144.449951,1047.644653,1334210.0,UP
2016-12-20,1146.0,1172.5,1143.530029,1169.650024,1070.713135,2922760.0,UP
2016-12-21,1171.900024,1171.900024,1152.800049,1156.800049,1058.949951,2034902.0,DOWN
2016-12-22,1153.0,1162.5,1143.099976,1153.849976,1056.249756,1868300.0,DOWN
2016-12-23,1150.0,1158.880005,1139.400024,1144.050049,1047.278687,1118954.0,DOWN
2016-12-26,1133.0,1150.800049,1133.0,1146.550049,1049.567261,897408.0,UP
2016-12-27,1140.75,1165.0,1140.75,1161.699951,1063.435669,1294692.0,UP
2016-12-28,1163.349976,1174.949951,1151.569946,1156.699951,1058.858521,1350418.0,DOWN
2016-12-29,1151.5,1179.949951,1151.5,1175.849976,1076.388428,1963516.0,UP
2016-12-30,1177.449951,1189.300049,1172.819946,1182.780029,1082.732544,1405748.0,UP
2017-01-02,1183.300049,1187.550049,1176.199951,1180.680054,1080.810181,823132.0,DOWN
2017-01-03,1180.619995,1185.849976,1171.650024,1184.119995,1083.958984,1475324.0,UP
2017-01-04,1184.849976,1194.430054,1179.150024,1189.75,1089.112915,1420066.0,UP
2017-01-05,1192.0,1194.969971,1160.199951,1167.199951,1068.470093,2216404.0,DOWN
2017-01-06,1160.5,1164.680054,1128.550049,1140.699951,1044.211792,3009896.0,DOWN
2017-01-09,1137.5,1155.650024,1128.5,1151.849976,1054.418823,1854578.0,UP
2017-01-10,1152.0,1164.900024,1145.75,1157.680054,1059.755859,1533914.0,UP
2017-01-11,1157.5,1164.800049,1140.099976,1162.199951,1063.893188,1931296.0,UP
2017-01-12,1162.199951,1180.0,1152.0,1172.180054,1073.029175,2570374.0,UP
2017-01-13,1174.0,1178.969971,1118.930054,1124.650024,1029.519165,10235580.0,DOWN
2017-01-16,1125.0,1136.949951,1114.0,1129.280029,1033.75769,3364808.0,UP
2017-01-17,1127.449951,1143.900024,1126.400024,1139.380005,1043.00354,3009956.0,UP
2017-01-18,1139.0,1149.0,1132.719971,1147.550049,1050.482666,3136574.0,UP
2017-01-19,1147.5,1147.569946,1141.469971,1145.5,1048.605835,2251676.0,DOWN
2017-01-20,1143.5,1150.0,1132.5,1142.680054,1046.024536,2037246.0,DOWN
2017-01-23,1132.5,1156.75,1129.900024,1153.349976,1061.831909,2318546.0,UP
2017-01-24,1152.0,1161.5,1145.0,1159.180054,1067.199463,2282638.0,UP
2017-01-25,1161.300049,1180.0,1159.030029,1176.5,1083.145142,4111648.0,UP
2017-01-27,1172.530029,1189.380005,1172.530029,1178.900024,1085.354736,2871658.0,UP
2017-01-30,1170.5,1175.969971,1159.069946,1166.449951,1073.892212,2577956.0,DOWN
2017-01-31,1160.0,1166.030029,1100.030029,1114.900024,1026.432861,4666804.0,DOWN
2017-02-01,1110.0,1119.969971,1077.780029,1083.949951,997.938843,4864152.0,DOWN
2017-02-02,1085.030029,1109.5,1076.5,1103.819946,1016.2320560000001,6009482.0,UP
2017-02-03,1104.849976,1121.5,1095.5,1116.280029,1027.703491,2153372.0,UP
2017-02-06,1129.0,1129.25,1107.469971,1120.380005,1031.477661,2408910.0,UP
2017-02-07,1122.0,1126.300049,1113.0,1122.300049,1033.24585,1814638.0,UP
2017-02-08,1122.449951,1141.300049,1122.030029,1135.469971,1045.370605,2212584.0,UP
2017-02-09,1137.5,1164.0,1135.099976,1158.650024,1066.711548,4033202.0,UP
2017-02-10,1155.5,1212.219971,1155.5,1198.969971,1103.832153,5782160.0,UP
2017-02-13,1198.0,1214.5,1191.180054,1207.119995,1111.335205,3819812.0,UP
2017-02-14,1209.819946,1209.819946,1199.0,1203.119995,1107.652954,2033328.0,DOWN
2017-02-15,1198.5,1214.0,1187.550049,1206.849976,1111.08667,1924972.0,UP
2017-02-16,1230.0,1239.0,1217.800049,1223.880005,1126.765747,4175680.0,UP
2017-02-17,1236.0,1237.800049,1201.0,1203.949951,1108.416748,2723324.0,DOWN
2017-02-20,1212.5,1277.5,1204.050049,1251.099976,1151.825562,3973948.0,UP
2017-02-21,1257.0,1262.949951,1227.569946,1232.680054,1134.867188,5501112.0,DOWN
2017-02-22,1232.949951,1235.0,1200.069946,1205.75,1110.074097,4505496.0,DOWN
2017-02-23,1207.5,1246.619995,1207.5,1240.900024,1142.435181,4853352.0,UP
2017-02-27,1239.550049,1251.0,1235.030029,1244.930054,1146.14502,2139892.0,UP
2017-02-28,1244.75,1245.0,1225.0,1233.119995,1135.272217,2354828.0,DOWN
2017-03-01,1239.949951,1250.949951,1235.0,1239.780029,1141.403687,1130374.0,UP
2017-03-02,1243.349976,1255.0,1235.030029,1250.719971,1151.475708,1544942.0,UP
2017-03-03,1246.0,1249.849976,1237.699951,1247.030029,1148.078491,1013970.0,DOWN
2017-03-06,1240.0,1242.0,1227.280029,1236.25,1138.153809,1400694.0,DOWN
2017-03-07,1241.449951,1252.5,1237.530029,1249.900024,1150.720825,1511672.0,UP
2017-03-08,1251.0,1260.0,1246.099976,1256.099976,1156.428711,1791510.0,UP
2017-03-09,1257.069946,1262.0,1252.030029,1259.880005,1159.908936,858468.0,UP
2017-03-10,1259.800049,1274.780029,1256.969971,1271.119995,1170.256958,1171420.0,UP
2017-03-14,1278.400024,1293.569946,1275.530029,1283.75,1181.884766,3402294.0,UP
2017-03-15,1286.0,1286.069946,1246.930054,1249.150024,1150.030151,3022496.0,DOWN
2017-03-16,1253.0,1263.5,1253.0,1260.449951,1160.433472,1571818.0,UP
2017-03-17,1273.0,1273.0,1254.880005,1262.880005,1162.670654,2593152.0,UP
2017-03-20,1262.969971,1262.969971,1233.0,1240.0,1141.606201,3487540.0,DOWN
2017-03-21,1241.0,1246.0,1232.5,1243.349976,1144.69043,3373700.0,UP
2017-03-22,1240.069946,1248.0,1234.969971,1239.469971,1141.118286,1888716.0,DOWN
2017-03-23,1241.0,1242.530029,1223.599976,1230.180054,1132.565674,2620638.0,DOWN
2017-03-24,1234.900024,1234.900024,1211.650024,1213.599976,1117.30127,5099814.0,DOWN
2017-03-27,1213.469971,1220.0,1203.0,1206.030029,1110.331909,2181270.0,DOWN
2017-03-28,1205.0,1221.699951,1205.0,1214.969971,1118.562256,1153158.0,UP
2017-03-29,1218.0,1225.400024,1212.800049,1222.300049,1125.310669,1717764.0,UP
2017-03-30,1222.449951,1232.5,1217.5,1220.5,1123.653442,2986086.0,DOWN
2017-03-31,1219.199951,1220.430054,1207.5,1215.900024,1119.418701,1867044.0,DOWN
2017-04-03,1217.5,1217.5,1204.099976,1205.849976,1110.166016,1196888.0,DOWN
2017-04-05,1209.949951,1209.949951,1197.5,1200.619995,1105.350952,2905568.0,DOWN
2017-04-06,1200.0,1205.0,1196.280029,1200.030029,1104.807983,1720704.0,DOWN
2017-04-07,1197.449951,1216.619995,1196.069946,1214.530029,1118.157593,2277012.0,UP
2017-04-10,1216.0,1224.5,1202.5,1211.119995,1115.017944,2543264.0,DOWN
2017-04-11,1208.650024,1221.550049,1203.0,1209.650024,1113.664551,1557784.0,DOWN
2017-04-12,1211.25,1214.0,1191.5,1196.619995,1101.668335,1050538.0,DOWN
2017-04-13,1200.0,1204.5,1160.530029,1164.319946,1071.931152,2500472.0,DOWN
2017-04-17,1165.199951,1166.449951,1147.569946,1157.430054,1065.588257,2270882.0,DOWN
2017-04-18,1165.0,1167.099976,1151.030029,1154.400024,1062.798828,1730620.0,DOWN
2017-04-19,1131.75,1174.349976,1126.400024,1149.569946,1058.351807,5626812.0,DOWN
2017-04-20,1152.650024,1166.0,1145.469971,1162.75,1070.486206,1268842.0,UP
2017-04-21,1164.550049,1167.819946,1150.5,1155.400024,1063.71936,1161154.0,DOWN
2017-04-24,1150.0,1169.819946,1141.25,1164.050049,1071.682739,2000020.0,UP
2017-04-25,1164.0,1172.219971,1151.349976,1155.75,1064.041382,3148710.0,DOWN
2017-04-26,1170.0,1171.969971,1151.530029,1155.180054,1063.516479,2187438.0,DOWN
2017-04-27,1153.030029,1163.900024,1138.819946,1151.319946,1059.963013,5773186.0,DOWN
2017-04-28,1147.0,1149.380005,1134.0,1136.569946,1046.383545,2540510.0,DOWN
2017-05-02,1147.0,1151.0,1140.0,1144.949951,1054.098267,2382696.0,UP
2017-05-03,1147.5,1172.5,1134.25,1168.650024,1075.917969,3514406.0,UP
2017-05-04,1174.969971,1175.0,1154.400024,1165.050049,1072.60376,2708208.0,DOWN
2017-05-05,1154.0,1166.25,1151.25,1160.25,1068.184448,1682474.0,DOWN
2017-05-08,1160.5,1173.699951,1158.849976,1171.219971,1078.283936,1071782.0,UP
2017-05-09,1171.969971,1180.5,1166.280029,1176.280029,1082.942627,1790270.0,UP
2017-05-10,1177.5,1178.069946,1158.0,1166.219971,1073.680542,1206388.0,DOWN
2017-05-11,1173.650024,1180.0,1161.380005,1174.719971,1081.506104,2071302.0,UP
2017-05-12,1171.650024,1184.949951,1160.030029,1180.319946,1086.661987,2314446.0,UP
2017-05-15,1187.550049,1188.969971,1170.800049,1182.550049,1088.715088,1817604.0,UP
2017-05-16,1190.0,1217.5,1186.719971,1214.569946,1118.194092,3601026.0,UP
2017-05-17,1216.75,1230.380005,1211.5,1227.680054,1130.263916,2876198.0,UP
2017-05-18,1225.0,1286.0,1221.119995,1268.099976,1167.476563,5138594.0,UP
2017-05-19,1268.099976,1270.280029,1243.0,1253.569946,1154.099487,1786044.0,DOWN
2017-05-22,1255.0,1276.880005,1255.0,1265.680054,1165.248535,1663940.0,UP
2017-05-23,1266.599976,1282.069946,1257.0,1260.849976,1160.801758,2748596.0,DOWN
2017-05-24,1267.400024,1285.0,1264.819946,1279.569946,1178.036743,2534548.0,UP
2017-05-25,1288.5,1318.780029,1284.0,1312.300049,1208.169556,4094094.0,UP
2017-05-26,1312.5,1313.430054,1282.319946,1289.119995,1186.828613,1362550.0,DOWN
2017-05-29,1289.5,1298.25,1282.0,1286.430054,1184.352295,1749290.0,DOWN
2017-05-30,1280.0,1287.969971,1262.5,1275.550049,1174.335205,927634.0,DOWN
2017-05-31,1266.5,1286.25,1264.0,1273.300049,1172.263916,2502730.0,DOWN
2017-06-01,1265.0,1282.0,1265.0,1276.800049,1175.48645,1080064.0,UP
2017-06-02,1278.119995,1295.930054,1276.25,1282.449951,1180.687988,1355648.0,UP
2017-06-05,1282.5,1309.949951,1280.069946,1301.969971,1198.659058,1500188.0,UP
2017-06-06,1315.5,1354.469971,1315.0,1348.0,1241.036255,5946720.0,UP
2017-06-07,1348.5,1350.0,1288.280029,1307.619995,1203.860718,4927776.0,DOWN
2017-06-08,1299.0,1302.469971,1257.75,1260.800049,1160.755859,3330714.0,DOWN
2017-06-09,1260.0,1273.699951,1243.0,1253.5,1154.035156,3148034.0,DOWN
2017-06-12,1248.5,1256.449951,1235.199951,1243.599976,1144.920776,1626506.0,DOWN
2017-06-13,1232.5,1240.550049,1223.5,1225.780029,1141.131714,1175414.0,DOWN
2017-06-14,1227.5,1238.0,1227.5,1235.099976,1149.808105,1489142.0,UP
2017-06-15,1234.5,1234.849976,1202.5,1205.599976,1122.345337,2997198.0,DOWN
2017-06-16,1207.469971,1217.5,1193.25,1199.849976,1116.992432,2450426.0,DOWN
2017-06-19,1208.449951,1223.180054,1202.569946,1215.849976,1131.887451,1644742.0,UP
2017-06-20,1215.5,1224.5,1190.150024,1222.5,1138.078369,1670958.0,UP
2017-06-21,1220.0,1221.069946,1198.599976,1203.150024,1120.064331,1657818.0,DOWN
2017-06-22,1204.5,1215.5,1192.5,1197.430054,1114.73938,5775882.0,DOWN
2017-06-23,1199.699951,1206.969971,1177.0,1180.849976,1099.304443,1424756.0,DOWN
2017-06-27,1175.300049,1192.349976,1165.800049,1171.430054,1090.535156,1974330.0,DOWN
2017-06-28,1174.949951,1179.0,1167.5,1175.030029,1093.886353,1789726.0,UP
2017-06-29,1179.5,1186.030029,1161.550049,1166.619995,1086.057007,2471826.0,DOWN
2017-06-30,1162.199951,1188.5,1161.550049,1181.180054,1099.611572,1753848.0,UP
2017-07-03,1178.699951,1191.530029,1171.550049,1186.800049,1104.843506,1475956.0,UP
2017-07-04,1186.650024,1190.219971,1175.030029,1183.430054,1101.706299,1215134.0,DOWN
2017-07-05,1180.400024,1182.5,1172.5,1178.0,1096.651123,815856.0,DOWN
2017-07-06,1179.5,1180.949951,1170.050049,1173.780029,1092.722656,1026788.0,DOWN
2017-07-07,1175.0,1178.219971,1162.75,1165.969971,1085.451904,1232090.0,DOWN
2017-07-10,1203.0,1222.449951,1189.469971,1217.469971,1133.39563,783608.0,UP
2017-07-11,1213.0,1257.400024,1213.0,1237.900024,1152.414795,3537504.0,UP
2017-07-12,1241.25,1241.650024,1215.050049,1219.719971,1135.490356,2646450.0,DOWN
2017-07-13,1222.5,1236.0,1213.300049,1223.199951,1138.729736,3131960.0,UP
2017-07-14,1191.5,1212.5,1187.5,1198.719971,1115.94043,4508432.0,DOWN
2017-07-17,1198.849976,1211.050049,1191.099976,1197.719971,1115.009521,2211822.0,DOWN
2017-07-18,1198.069946,1221.5,1198.069946,1204.180054,1121.023438,1908002.0,UP
2017-07-19,1207.75,1230.0,1207.550049,1224.800049,1140.219604,3915576.0,UP
2017-07-20,1224.619995,1228.449951,1215.25,1222.349976,1137.938599,1182504.0,DOWN
2017-07-21,1217.449951,1250.0,1217.280029,1245.599976,1159.582886,2148416.0,UP
2017-07-24,1241.0,1270.0,1241.0,1265.349976,1181.288208,2271402.0,UP
2017-07-25,1262.880005,1290.0,1259.199951,1285.75,1200.333252,2678832.0,UP
2017-07-26,1280.0,1287.5,1273.5,1278.0,1193.098389,1459826.0,DOWN
2017-07-27,1271.099976,1292.400024,1233.25,1240.849976,1158.416016,4255304.0,DOWN
2017-07-28,1240.5,1246.530029,1221.0,1242.150024,1159.629883,1382752.0,UP
2017-07-31,1235.5,1259.5,1231.5,1245.900024,1163.130615,2019662.0,UP
2017-08-01,1250.0,1260.380005,1245.5,1250.819946,1167.723633,1747460.0,UP
2017-08-02,1250.0,1254.0,1231.0,1236.900024,1154.728638,1251024.0,DOWN
2017-08-03,1240.0,1251.0,1233.219971,1244.719971,1162.029175,1882548.0,UP
2017-08-04,1245.400024,1264.150024,1244.0,1261.400024,1177.60083,1387890.0,UP
2017-08-07,1258.25,1260.0,1240.599976,1251.719971,1168.563721,1885520.0,DOWN
2017-08-08,1256.0,1264.300049,1248.150024,1251.530029,1168.386475,1073958.0,DOWN
2017-08-09,1250.0,1261.430054,1246.650024,1256.0,1172.55957,992946.0,UP
2017-08-10,1254.5,1260.300049,1243.180054,1255.719971,1172.298096,1526172.0,DOWN
2017-08-11,1249.949951,1267.5,1241.5,1248.030029,1165.119141,1394736.0,DOWN
2017-08-14,1251.5,1254.949951,1231.5,1234.699951,1152.674316,786504.0,DOWN
2017-08-16,1242.0,1271.900024,1232.599976,1246.180054,1163.391968,1373340.0,UP
2017-08-17,1250.349976,1252.5,1231.050049,1242.819946,1160.255005,1752374.0,DOWN
2017-08-18,1237.0,1274.949951,1235.699951,1256.900024,1173.399902,2837356.0,UP
2017-08-21,1252.75,1274.5,1247.150024,1264.400024,1180.401733,2304834.0,UP
2017-08-22,1261.5,1269.75,1246.0,1248.780029,1165.819092,1131326.0,DOWN
2017-08-23,1252.5,1258.400024,1236.569946,1244.719971,1162.029175,1562272.0,DOWN
2017-08-24,1248.849976,1258.969971,1243.069946,1248.300049,1165.371216,1623908.0,UP
2017-08-28,1252.300049,1252.699951,1230.5,1243.650024,1161.029907,2036796.0,DOWN
2017-08-29,1241.0,1248.0,1231.969971,1235.430054,1153.356079,1312602.0,DOWN
2017-08-30,1240.5,1245.0,1230.050049,1242.280029,1159.751221,970782.0,UP
2017-08-31,1242.5,1252.199951,1233.319946,1248.180054,1165.258911,1784664.0,UP
2017-09-01,1240.0,1249.030029,1218.280029,1228.219971,1146.625,1702330.0,DOWN
2017-09-04,1226.550049,1230.5,1219.0,1228.099976,1146.513184,1062544.0,DOWN
2017-09-05,1230.0,1245.0,1218.530029,1242.180054,1159.657593,1165994.0,UP
2017-09-06,1234.069946,1237.430054,1225.0,1226.599976,1145.112671,1228764.0,DOWN
2017-09-07,1229.0,1234.199951,1225.530029,1230.050049,1148.333374,870636.0,UP
2017-09-08,1226.880005,1237.0,1226.280029,1235.300049,1153.234741,1021134.0,UP
2017-09-11,1235.599976,1241.469971,1225.0,1227.219971,1145.691406,732764.0,DOWN
2017-09-12,1236.949951,1248.5,1228.5,1244.219971,1161.562134,1396460.0,UP
2017-09-13,1250.0,1265.819946,1237.599976,1244.599976,1161.91687,1278980.0,UP
2017-09-14,1241.0,1248.800049,1235.949951,1243.469971,1160.862061,1081510.0,DOWN
2017-09-15,1249.5,1258.5,1242.5,1253.030029,1169.786987,2944072.0,UP
2017-09-18,1252.469971,1259.469971,1244.619995,1249.530029,1166.519409,726600.0,DOWN
2017-09-19,1252.5,1252.5,1245.75,1249.119995,1166.136597,782754.0,DOWN
2017-09-20,1257.0,1257.0,1237.150024,1246.780029,1163.952393,1334642.0,DOWN
2017-09-21,1245.530029,1270.5,1240.0,1262.449951,1178.581177,2438740.0,UP
2017-09-22,1259.949951,1263.449951,1246.0,1251.800049,1168.638794,2435396.0,DOWN
2017-09-25,1248.280029,1267.0,1246.380005,1255.380005,1171.980713,1599558.0,UP
2017-09-26,1255.0,1263.199951,1233.0,1237.319946,1155.120605,1449230.0,DOWN
2017-09-27,1245.0,1256.099976,1236.880005,1247.5,1164.62439,2010356.0,UP
2017-09-28,1247.349976,1257.0,1226.0,1238.219971,1155.960571,4332866.0,DOWN
2017-09-29,1239.5,1242.0,1210.75,1217.969971,1137.056152,1985014.0,DOWN
2017-10-03,1220.0,1227.150024,1213.530029,1224.219971,1142.890991,1923006.0,UP
2017-10-04,1224.800049,1227.0,1212.5,1221.150024,1140.024658,1300778.0,DOWN
2017-10-05,1220.5,1221.719971,1212.199951,1214.800049,1134.09668,1684686.0,DOWN
2017-10-06,1215.0,1227.5,1214.030029,1223.319946,1142.050537,1389188.0,UP
2017-10-09,1220.530029,1233.969971,1220.530029,1227.050049,1145.532959,1773616.0,UP
2017-10-10,1227.5,1234.969971,1225.619995,1229.619995,1147.931763,1222010.0,UP
2017-10-11,1230.0,1257.219971,1228.380005,1250.180054,1167.126343,1527746.0,UP
2017-10-12,1256.5,1277.5,1253.5,1274.099976,1189.457153,5006356.0,UP
2017-10-13,1274.099976,1304.469971,1261.5,1279.300049,1194.311646,4066320.0,UP
2017-10-16,1277.530029,1295.0,1277.530029,1292.199951,1206.354492,1218590.0,UP
2017-10-17,1292.5,1307.469971,1288.780029,1297.280029,1211.09729,1443016.0,UP
2017-10-18,1297.5,1306.819946,1290.0,1293.300049,1207.381592,1514144.0,DOWN
2017-10-19,1296.0,1297.900024,1285.5,1291.949951,1206.121338,86822.0,DOWN
2017-10-23,1292.0,1314.5,1273.719971,1293.949951,1207.988281,1886088.0,UP
2017-10-24,1310.0,1310.449951,1284.530029,1289.199951,1203.553833,1339020.0,DOWN
2017-10-25,1289.25,1307.0,1277.5,1279.949951,1198.171265,1105106.0,DOWN
2017-10-26,1267.550049,1284.569946,1258.949951,1269.430054,1188.323486,3007552.0,DOWN
2017-10-27,1269.0,1296.569946,1265.150024,1292.150024,1209.592041,1409270.0,UP
2017-10-30,1293.0,1310.0,1290.849976,1308.099976,1224.522705,1137252.0,UP
2017-10-31,1300.650024,1320.0,1300.650024,1312.0,1228.173584,1592634.0,UP
2017-11-01,1312.0,1313.430054,1289.430054,1301.430054,1218.278809,741882.0,DOWN
2017-11-02,1304.25,1337.0,1303.380005,1313.069946,1229.175171,1468422.0,UP
2017-11-03,1316.199951,1318.349976,1301.400024,1310.050049,1226.348267,666886.0,DOWN
2017-11-06,1310.0,1335.900024,1305.880005,1332.780029,1247.626099,1377000.0,UP
2017-11-07,1335.0,1384.0,1333.030029,1355.030029,1268.45459,2696892.0,UP
2017-11-08,1361.5,1379.5,1359.119995,1367.5,1280.127808,1402252.0,UP
2017-11-09,1375.0,1375.0,1359.650024,1368.199951,1280.783081,1152432.0,UP
2017-11-10,1361.099976,1363.0,1346.680054,1354.380005,1267.845825,1356566.0,DOWN
2017-11-13,1351.030029,1388.699951,1351.030029,1379.469971,1291.332886,1496996.0,UP
2017-11-14,1378.280029,1378.280029,1353.75,1357.300049,1270.579346,1657252.0,DOWN
2017-11-15,1353.0,1377.5,1350.680054,1352.650024,1266.22644,6670834.0,DOWN
2017-11-16,1355.0,1381.5,1343.469971,1373.319946,1285.575684,1653482.0,UP
2017-11-17,1374.050049,1374.050049,1351.800049,1353.650024,1267.162598,1325464.0,DOWN
2017-11-20,1357.5,1363.449951,1347.650024,1351.719971,1265.355957,1014498.0,DOWN
2017-11-21,1350.5,1350.5,1333.0,1336.469971,1251.080078,1527740.0,DOWN
2017-11-22,1336.5,1354.849976,1336.199951,1340.319946,1254.684204,1822624.0,UP
2017-11-23,1340.5,1346.5,1334.5,1340.619995,1254.96521,793470.0,UP
2017-11-24,1341.0,1351.449951,1336.550049,1344.030029,1258.157104,2287512.0,UP
2017-11-27,1344.0,1347.949951,1331.099976,1342.930054,1257.127441,1856786.0,DOWN
2017-11-28,1343.0,1351.199951,1335.0,1342.650024,1256.865112,911716.0,DOWN
2017-11-29,1338.75,1346.5,1325.0,1329.069946,1244.152954,1447532.0,DOWN
2017-11-30,1326.819946,1333.469971,1311.5,1318.5,1234.258301,4299962.0,DOWN
2017-12-01,1317.5,1334.0,1310.75,1314.969971,1230.953857,1031144.0,DOWN
2017-12-04,1311.0,1329.25,1301.469971,1316.180054,1232.086426,1259104.0,UP
2017-12-05,1315.5,1325.849976,1314.069946,1317.780029,1233.584106,1167914.0,UP
2017-12-06,1318.0,1322.5,1306.430054,1316.650024,1232.526489,1407518.0,DOWN
2017-12-07,1316.150024,1322.969971,1307.5,1308.619995,1225.009766,1326300.0,DOWN
2017-12-08,1309.0,1322.5,1298.5,1300.75,1217.642334,1385548.0,DOWN
2017-12-11,1304.180054,1336.319946,1304.180054,1330.550049,1245.538696,1008002.0,UP
2017-12-12,1330.5,1331.0,1303.699951,1306.069946,1222.622314,1882246.0,DOWN
2017-12-13,1305.699951,1325.719971,1300.5,1314.199951,1230.23291,2961458.0,UP
2017-12-14,1316.0,1316.0,1265.550049,1278.900024,1197.188477,5504150.0,DOWN
2017-12-15,1281.880005,1292.219971,1268.430054,1272.800049,1191.478149,2718138.0,DOWN
2017-12-18,1268.5,1294.469971,1247.180054,1290.25,1207.813354,2180664.0,UP
2017-12-19,1288.0,1298.900024,1282.349976,1287.650024,1205.379517,1801952.0,DOWN
2017-12-20,1291.0,1296.380005,1275.319946,1294.469971,1211.763672,1577570.0,UP
2017-12-21,1293.5,1304.0,1290.030029,1297.849976,1214.927734,1293648.0,UP
2017-12-22,1302.0,1331.949951,1295.099976,1323.380005,1238.826538,3665664.0,UP
2017-12-26,1343.0,1344.880005,1315.800049,1324.719971,1240.081055,2175786.0,UP
2017-12-27,1324.719971,1329.25,1305.25,1309.949951,1226.254517,739284.0,DOWN
2017-12-28,1304.400024,1326.75,1302.819946,1313.469971,1229.549805,2605088.0,UP
2017-12-29,1311.550049,1354.449951,1309.280029,1350.599976,1264.307251,2609542.0,UP
2018-01-01,1341.150024,1347.400024,1317.5,1322.800049,1238.283569,1351760.0,DOWN
2018-01-02,1330.0,1334.800049,1310.099976,1315.599976,1231.543457,1920290.0,DOWN
2018-01-03,1316.0,1334.5,1315.599976,1319.319946,1235.025879,1257120.0,UP
2018-01-04,1325.0,1331.0,1320.0,1328.550049,1243.666382,913082.0,UP
2018-01-05,1325.0,1349.75,1325.0,1344.599976,1258.690918,1153706.0,UP
2018-01-08,1350.0,1363.430054,1340.930054,1357.199951,1270.485718,1242220.0,UP
2018-01-09,1357.5,1360.5,1338.280029,1354.5,1267.958252,2149396.0,DOWN
2018-01-10,1355.5,1408.0,1347.319946,1403.300049,1313.640015,3365850.0,UP
2018-01-11,1405.0,1410.949951,1391.099976,1395.25,1306.104614,2520744.0,DOWN
2018-01-12,1402.5,1402.5,1370.280029,1388.180054,1299.486206,3360314.0,DOWN
2018-01-15,1388.569946,1404.0,1367.530029,1373.050049,1285.32312,1457214.0,DOWN
2018-01-16,1378.0,1430.819946,1375.280029,1425.430054,1334.356201,4267752.0,UP
2018-01-17,1435.0,1462.5,1431.069946,1444.469971,1352.17981,4280806.0,UP
2018-01-18,1448.5,1466.5,1434.030029,1459.099976,1365.875122,2209478.0,UP
2018-01-19,1465.280029,1491.0,1451.819946,1479.650024,1385.112061,1820000.0,UP
2018-01-22,1480.5,1567.349976,1461.0,1558.199951,1462.101807,4367110.0,UP
2018-01-23,1557.469971,1571.180054,1545.030029,1551.0,1455.345703,3239610.0,DOWN
2018-01-24,1545.0,1629.530029,1541.319946,1587.300049,1489.407104,5621538.0,UP
2018-01-25,1587.5,1589.900024,1540.5,1560.530029,1464.288208,3833844.0,DOWN
2018-01-29,1565.699951,1612.5,1561.0,1599.430054,1500.789307,3141060.0,UP
2018-01-30,1590.0,1601.900024,1571.849976,1576.430054,1479.207886,1574758.0,DOWN
2018-01-31,1568.5,1575.0,1549.300049,1556.180054,1460.206299,3043214.0,DOWN
2018-02-01,1562.0,1595.0,1544.400024,1569.300049,1472.517456,2400630.0,UP
2018-02-02,1560.0,1595.0,1551.719971,1576.819946,1479.573486,2456490.0,UP
2018-02-05,1555.0,1594.0,1538.430054,1551.599976,1455.908569,2757742.0,DOWN
2018-02-06,1505.0,1538.569946,1492.5,1498.619995,1406.196411,2657306.0,DOWN
2018-02-07,1513.5,1515.5,1473.719971,1477.530029,1386.407104,2180324.0,DOWN
2018-02-08,1489.880005,1513.800049,1479.5,1487.099976,1395.386719,2755004.0,UP
2018-02-09,1475.0,1497.0,1448.319946,1485.849976,1394.213989,2102458.0,DOWN
2018-02-12,1489.150024,1511.680054,1477.780029,1483.650024,1392.149536,1974562.0,DOWN
2018-02-14,1485.0,1487.219971,1446.25,1455.900024,1366.111206,2847532.0,DOWN
2018-02-15,1465.969971,1471.5,1452.550049,1462.930054,1372.707397,2465236.0,UP
2018-02-16,1461.5,1499.800049,1461.5,1466.530029,1376.085327,2515756.0,UP
2018-02-19,1472.5,1476.650024,1447.599976,1461.800049,1371.647095,1568224.0,DOWN
2018-02-20,1464.0,1492.530029,1463.949951,1472.380005,1381.574707,1889068.0,UP
2018-02-21,1487.0,1531.300049,1480.030029,1521.150024,1427.337158,3089228.0,UP
2018-02-22,1526.0,1539.5,1511.25,1525.099976,1431.043335,3463010.0,UP
2018-02-23,1525.0,1544.5,1496.050049,1537.900024,1443.053833,3362500.0,UP
2018-02-26,1537.5,1544.969971,1510.599976,1515.849976,1422.36377,1363882.0,DOWN
2018-02-27,1520.5,1539.280029,1516.0,1521.180054,1427.36499,1717800.0,UP
2018-02-28,1517.5,1531.969971,1510.719971,1517.530029,1423.940063,2706864.0,DOWN
2018-03-01,1524.5,1530.599976,1510.0,1518.849976,1425.178589,1718124.0,UP
2018-03-05,1524.5,1556.819946,1516.469971,1552.930054,1457.15686,2858168.0,UP
2018-03-06,1561.0,1563.5,1515.069946,1521.400024,1427.571533,1906764.0,DOWN
2018-03-07,1535.0,1544.5,1509.25,1513.719971,1420.364868,1917772.0,DOWN
2018-03-08,1527.449951,1527.449951,1493.75,1501.969971,1409.339722,1951826.0,DOWN
2018-03-09,1502.5,1531.599976,1488.599976,1517.050049,1423.489868,1872436.0,UP
2018-03-12,1521.5,1541.949951,1517.75,1526.069946,1431.953613,2091340.0,UP
2018-03-13,1462.449951,1469.849976,1436.0,1443.400024,1354.381958,88067154.0,DOWN
2018-03-14,1446.469971,1461.530029,1437.530029,1443.449951,1354.428711,3668668.0,UP
2018-03-15,1447.5,1451.280029,1427.800049,1434.849976,1346.359253,2348906.0,DOWN
2018-03-16,1434.400024,1436.0,1402.5,1412.849976,1325.716064,7197482.0,DOWN
2018-03-19,1414.5,1424.0,1410.0,1415.5,1328.202515,3489940.0,UP
2018-03-20,1410.0,1436.599976,1409.5,1432.430054,1344.088501,4024984.0,UP
2018-03-21,1436.25,1442.150024,1425.0,1428.380005,1340.288208,3907678.0,DOWN
2018-03-22,1429.969971,1437.969971,1411.280029,1415.680054,1328.371582,2326094.0,DOWN
2018-03-23,1401.0,1417.050049,1399.030029,1409.069946,1322.168945,3654122.0,DOWN
2018-03-26,1409.5,1413.699951,1390.780029,1408.5,1321.634277,2964210.0,DOWN
2018-03-27,1412.5,1431.5,1411.530029,1423.849976,1336.037598,2494574.0,UP
2018-03-28,1417.949951,1437.5,1412.5,1424.569946,1336.713013,6865654.0,UP
2018-04-02,1420.0,1457.0,1420.0,1454.819946,1365.097656,1662988.0,UP
2018-04-03,1446.050049,1464.949951,1446.050049,1455.619995,1365.848145,1937290.0,UP
2018-04-04,1464.719971,1467.0,1446.0,1455.449951,1365.688599,2841820.0,DOWN
2018-04-05,1463.280029,1481.880005,1460.180054,1478.969971,1387.758057,1809424.0,UP
2018-04-06,1477.0,1480.0,1463.280029,1475.150024,1384.17395,1129018.0,DOWN
2018-04-09,1469.849976,1481.75,1457.5,1461.949951,1371.78772,1235866.0,DOWN
2018-04-10,1462.849976,1478.619995,1462.849976,1468.800049,1378.215332,1184532.0,UP
2018-04-11,1475.300049,1512.5,1472.800049,1507.069946,1414.125366,3124416.0,UP
2018-04-12,1505.0,1575.0,1503.969971,1569.619995,1472.817383,6114360.0,UP
2018-04-13,1575.0,1620.400024,1566.050049,1576.650024,1479.414063,8179118.0,UP
2018-04-16,1558.0,1599.969971,1555.380005,1593.819946,1495.525146,6270274.0,UP
2018-04-17,1593.819946,1597.469971,1573.599976,1583.300049,1485.653809,3301724.0,DOWN
2018-04-18,1583.0,1596.719971,1572.930054,1579.550049,1482.13501,2433066.0,DOWN
2018-04-19,1589.949951,1608.599976,1582.880005,1595.569946,1497.166992,4820952.0,UP
2018-04-20,1625.0,1711.180054,1620.0,1701.219971,1596.301392,18465662.0,UP
2018-04-23,1712.0,1778.949951,1694.780029,1704.319946,1599.210327,15185910.0,UP
2018-04-24,1705.0,1721.569946,1671.25,1692.819946,1588.419434,8314336.0,DOWN
2018-04-25,1692.5,1741.5,1682.530029,1735.119995,1628.110718,8196574.0,UP
2018-04-26,1733.5,1780.0,1733.5,1769.619995,1660.483032,12135034.0,UP
2018-04-27,1762.5,1772.0,1710.0,1725.969971,1619.525146,4501330.0,DOWN
2018-04-30,1725.969971,1774.5,1718.800049,1766.050049,1657.133179,3458558.0,UP
2018-05-02,1765.25,1766.099976,1735.650024,1749.880005,1641.960327,3158046.0,DOWN
2018-05-03,1754.900024,1763.0,1735.199951,1740.930054,1633.562378,3761550.0,DOWN
2018-05-04,1746.0,1748.5,1735.0,1740.380005,1633.046387,2347244.0,DOWN
2018-05-07,1745.0,1745.0,1705.449951,1710.469971,1604.981079,3484426.0,DOWN
2018-05-08,1717.349976,1743.25,1698.349976,1720.599976,1614.486328,2992820.0,UP
2018-05-09,1720.099976,1747.380005,1720.099976,1744.650024,1637.053101,2615050.0,UP
2018-05-10,1751.469971,1755.569946,1720.099976,1725.619995,1619.196777,3858678.0,DOWN
2018-05-11,1727.099976,1742.5,1721.25,1728.469971,1621.87085,2627876.0,UP
2018-05-14,1728.5,1735.5,1705.400024,1716.780029,1610.901733,2433894.0,DOWN
2018-05-15,1725.0,1747.900024,1716.849976,1741.199951,1633.815918,1952890.0,UP
2018-05-16,1739.969971,1754.5,1737.619995,1746.949951,1639.211182,1648450.0,UP
2018-05-17,1756.469971,1766.569946,1738.0,1745.900024,1638.225952,2968048.0,DOWN
2018-05-18,1740.400024,1758.849976,1729.0,1751.030029,1643.039429,1874996.0,UP
2018-05-21,1764.349976,1796.0,1759.030029,1778.380005,1668.702759,3446178.0,UP
2018-05-22,1779.0,1787.469971,1746.849976,1754.449951,1646.248413,1857416.0,DOWN
2018-05-23,1762.5,1772.5,1740.5,1747.550049,1639.774048,1507298.0,DOWN
2018-05-24,1755.0,1807.5,1751.180054,1801.849976,1690.725342,2962316.0,UP
2018-05-25,1812.5,1837.400024,1786.280029,1792.900024,1682.327271,3769772.0,DOWN
2018-05-28,1808.25,1808.25,1743.0,1751.030029,1643.039429,3716798.0,DOWN
2018-05-29,1764.949951,1772.0,1744.0,1761.75,1653.098267,3525312.0,UP
2018-05-30,1754.530029,1766.5,1741.25,1757.050049,1648.688477,3779106.0,DOWN
2018-05-31,1734.0,1759.050049,1726.099976,1741.050049,1647.269043,5049371.0,DOWN
2018-06-01,1754.0,1757.5,1716.300049,1732.449951,1639.13208,1603856.0,DOWN
2018-06-04,1745.0,1749.0,1712.599976,1744.25,1650.296631,1681483.0,UP
2018-06-05,1744.0,1751.900024,1711.150024,1721.599976,1628.866455,2449568.0,DOWN
2018-06-06,1723.0,1734.900024,1715.199951,1725.75,1632.793213,2236512.0,UP
2018-06-07,1725.0,1749.0,1723.800049,1735.550049,1642.065552,2414762.0,UP
2018-06-08,1735.0,1757.300049,1735.0,1747.099976,1652.993164,2582138.0,UP
2018-06-11,1747.099976,1763.0,1743.0,1749.699951,1655.453125,2179378.0,UP
2018-06-12,1757.0,1785.0,1753.0,1781.0,1685.067139,4608875.0,UP
2018-06-13,1816.0,1831.650024,1798.0,1824.099976,1725.845459,5370983.0,UP
2018-06-14,1830.0,1832.300049,1784.0,1787.550049,1691.264282,3819998.0,DOWN
2018-06-15,1800.0,1847.099976,1788.599976,1840.050049,1740.936523,9183574.0,UP
2018-06-18,1867.949951,1867.949951,1822.150024,1829.0,1730.481567,4674987.0,DOWN
2018-06-19,1822.150024,1839.0,1821.0,1824.5,1726.223999,3245034.0,DOWN
2018-06-20,1832.0,1836.300049,1818.599976,1822.449951,1724.284546,3107695.0,DOWN
2018-06-21,1832.0,1832.0,1817.599976,1819.349976,1721.351318,2910659.0,DOWN
2018-06-22,1827.0,1827.0,1799.550049,1809.800049,1712.315918,2949458.0,DOWN
2018-06-25,1811.900024,1822.349976,1806.0,1819.25,1721.256958,2083217.0,UP
2018-06-26,1823.0,1861.0,1821.0,1852.0,1752.242676,4679712.0,UP
2018-06-27,1860.0,1885.150024,1851.25,1858.0,1757.919556,4081208.0,UP
2018-06-28,1865.0,1871.0,1826.300049,1842.699951,1743.443848,4888125.0,DOWN
2018-06-29,1844.900024,1867.400024,1842.300049,1847.75,1748.221802,3506276.0,UP
2018-07-02,1852.0,1857.800049,1841.099976,1851.349976,1751.627808,2650290.0,UP
2018-07-03,1859.949951,1879.900024,1857.050049,1874.050049,1773.105225,3242233.0,UP
2018-07-04,1879.900024,1879.900024,1857.150024,1866.150024,1765.630493,2700614.0,DOWN
2018-07-05,1873.0,1887.5,1862.099976,1880.300049,1779.018311,2472571.0,UP
2018-07-06,1882.849976,1921.0,1881.650024,1912.949951,1809.909424,3713781.0,UP
2018-07-09,1924.0,1924.400024,1876.5,1883.0,1781.572998,6151747.0,DOWN
2018-07-10,1898.0,1898.900024,1870.75,1875.099976,1774.098389,5303302.0,DOWN
2018-07-11,1900.0,1998.0,1894.150024,1979.900024,1873.25354,22903802.0,UP
2018-07-12,1984.0,1990.900024,1960.5,1971.349976,1865.163818,6921701.0,DOWN
2018-07-13,1975.0,1997.900024,1974.0,1981.099976,1874.388672,4148185.0,UP
2018-07-16,1990.0,1996.0,1977.449951,1989.199951,1882.05249,2582159.0,UP
2018-07-17,1989.0,2009.0,1981.0,2002.150024,1898.121826,3315492.0,UP
2018-07-18,2005.0,2011.699951,1993.050049,2000.25,1896.320801,2013869.0,DOWN
2018-07-19,2002.099976,2010.449951,1970.0,1981.400024,1878.449951,1746318.0,DOWN
2018-07-20,1984.900024,2000.0,1984.0,1996.599976,1892.860229,1934995.0,UP
2018-07-23,2001.0,2009.949951,1986.0,2005.650024,1901.440063,2086201.0,UP
2018-07-24,2015.0,2015.0,1984.150024,1999.0,1895.13562,2038423.0,DOWN
2018-07-25,2001.900024,2002.0,1968.400024,1981.5,1878.5448,1535492.0,DOWN
2018-07-26,1974.949951,1985.0,1955.099976,1964.699951,1862.617676,3503036.0,DOWN
2018-07-27,1960.849976,1964.650024,1940.300049,1943.75,1842.75647,2033977.0,DOWN
2018-07-30,1943.0,1954.699951,1931.550049,1944.599976,1843.562134,1579251.0,UP
2018-07-31,1942.0,1947.0,1928.0,1940.199951,1839.390625,2204803.0,DOWN
2018-08-01,1949.949951,1981.550049,1949.800049,1976.5,1873.804688,2425180.0,UP
2018-08-02,1980.0,1985.0,1945.0,1948.400024,1847.164551,1509287.0,DOWN
2018-08-03,1956.5,1982.050049,1956.5,1979.449951,1876.60144,1505131.0,UP
2018-08-06,1997.0,1998.949951,1972.25,1975.550049,1872.903931,1532249.0,DOWN
2018-08-07,1978.199951,1979.150024,1960.5,1967.349976,1865.129883,1353521.0,DOWN
2018-08-08,1972.0,1978.300049,1962.0,1974.0,1871.43457,1315062.0,UP
2018-08-09,1980.0,1980.800049,1966.0,1974.349976,1871.766357,2060297.0,UP
2018-08-10,1980.949951,1996.5,1972.050049,1993.099976,1889.541992,2784105.0,UP
2018-08-13,1997.800049,2004.25,1990.0,2000.150024,1896.225586,3559575.0,UP
2018-08-14,1992.0,2024.599976,1982.400024,2003.550049,1899.449219,3311765.0,UP
2018-08-16,2000.300049,2020.050049,1995.0,2008.5,1904.14209,2152065.0,UP
2018-08-17,2013.849976,2021.900024,2004.0,2012.75,1908.171143,1213731.0,UP
2018-08-20,2024.0,2024.0,2003.699951,2009.949951,1905.516602,1587032.0,DOWN
2018-08-21,2010.150024,2024.0,2004.0,2017.650024,1912.816528,1376866.0,UP
2018-08-23,2022.800049,2038.0,2020.300049,2035.099976,1929.359741,3046791.0,UP
2018-08-24,2035.099976,2046.0,2031.0,2043.0,1936.849365,1570533.0,UP
2018-08-27,2043.0,2059.0,2035.0,2050.899902,1944.338745,1532702.0,UP
2018-08-28,2055.0,2072.0,2052.0,2069.199951,1961.687988,1987983.0,UP
2018-08-29,2072.5,2076.600098,2045.599976,2072.0,1964.342773,1525867.0,UP
2018-08-30,2068.0,2085.0,2065.5,2082.399902,1974.202026,2408020.0,UP
2018-08-31,2082.300049,2092.0,2074.0,2078.399902,1970.410156,2504554.0,DOWN
2018-09-03,2084.800049,2090.0,2048.399902,2052.899902,1946.235107,1439711.0,DOWN
2018-09-04,2059.800049,2104.75,2056.949951,2098.899902,1989.844849,4420803.0,UP
2018-09-05,2100.0,2107.25,2075.050049,2079.25,1971.216064,1681106.0,DOWN
2018-09-06,2075.0,2081.5,2060.300049,2075.300049,1967.471436,2238097.0,DOWN
2018-09-07,2079.300049,2084.0,2065.399902,2079.850098,1971.784912,1312182.0,UP
2018-09-10,2084.399902,2093.399902,2074.25,2080.75,1972.637817,1530539.0,UP
2018-09-11,2089.0,2089.0,2042.199951,2046.25,1939.930664,3679745.0,DOWN
2018-09-12,2052.350098,2068.899902,2040.0,2043.949951,1937.75,2307661.0,DOWN
2018-09-14,2044.0,2071.550049,2018.150024,2065.399902,1958.085693,3642038.0,UP
2018-09-17,2070.0,2077.800049,2054.550049,2074.149902,1966.380859,1033857.0,UP
2018-09-18,2073.0,2078.800049,2057.600098,2070.75,1963.157593,1456507.0,DOWN
2018-09-19,2071.899902,2089.0,2066.850098,2077.899902,1969.936035,1301268.0,UP
2018-09-21,2077.0,2121.0,2050.149902,2103.149902,1993.874146,4508530.0,UP
2018-09-24,2115.0,2210.5,2098.149902,2198.449951,2084.222168,3032226.0,UP
2018-09-25,2204.899902,2211.899902,2153.800049,2183.199951,2069.764893,2868778.0,DOWN
2018-09-26,2187.0,2199.0,2135.100098,2142.149902,2030.847656,1970951.0,DOWN
2018-09-27,2141.899902,2209.699951,2135.800049,2188.850098,2075.121582,3311802.0,UP
2018-09-28,2178.0,2190.0,2158.850098,2183.699951,2070.23877,2904371.0,DOWN
2018-10-01,2190.899902,2275.949951,2190.350098,2255.550049,2138.355713,3772208.0,UP
2018-10-03,2250.300049,2255.0,2155.600098,2162.850098,2050.472168,3902322.0,DOWN
2018-10-04,2156.600098,2156.649902,2056.350098,2064.800049,1957.516724,4762419.0,DOWN
2018-10-05,2050.0,2120.0,2020.900024,2102.649902,1993.399902,3417624.0,UP
2018-10-08,2102.649902,2122.199951,2048.149902,2077.550049,1969.604248,2010154.0,DOWN
2018-10-09,2080.350098,2107.649902,2053.199951,2091.800049,1983.114014,1867130.0,UP
2018-10-10,2100.0,2105.949951,2029.0,2043.599976,1937.418335,2749573.0,DOWN
2018-10-11,1985.0,2013.0,1941.0,1979.949951,1877.075317,4700256.0,DOWN
2018-10-12,1978.0,1978.0,1903.0,1918.300049,1818.628784,9373289.0,DOWN
2018-10-15,1940.0,1955.550049,1920.0,1949.5,1848.207397,2638151.0,UP
2018-10-16,1958.0,1971.900024,1935.0,1962.300049,1860.342651,2815425.0,UP
2018-10-17,1970.0,1989.0,1920.0,1929.400024,1829.151733,2779207.0,DOWN
2018-10-19,1929.0,1929.0,1870.050049,1913.199951,1813.793579,3428776.0,DOWN
2018-10-22,1914.0,1916.0,1886.949951,1903.0,1804.123657,1778496.0,DOWN
2018-10-23,1888.0,1898.0,1837.0,1843.650024,1751.53894,2752811.0,DOWN
2018-10-24,1852.050049,1874.0,1811.099976,1848.5,1756.146729,2735913.0,UP
2018-10-25,1844.0,1876.900024,1825.050049,1853.0,1760.421875,2507233.0,UP
2018-10-26,1853.900024,1853.900024,1791.099976,1799.099976,1709.2146,2285970.0,DOWN
2018-10-29,1808.699951,1877.949951,1784.349976,1871.0,1777.522339,2609483.0,UP
2018-10-30,1867.0,1909.400024,1845.0,1894.800049,1800.133545,2404883.0,UP
2018-10-31,1900.0,1943.900024,1875.449951,1938.150024,1841.317627,2769190.0,UP
2018-11-01,1943.650024,1944.349976,1901.300049,1935.75,1839.037598,2769759.0,DOWN
2018-11-02,1934.199951,1954.599976,1905.0,1913.449951,1817.851685,1818635.0,DOWN
2018-11-05,1910.0,1927.349976,1884.75,1890.849976,1796.380859,1713366.0,DOWN
2018-11-06,1894.0,1937.5,1891.0,1932.699951,1836.139771,1398710.0,UP
2018-11-07,1940.0,1949.0,1937.0,1942.150024,1845.117676,144530.0,UP
2018-11-09,1961.0,1961.949951,1905.0,1909.199951,1813.813843,2570479.0,DOWN
2018-11-12,1908.5,1946.099976,1908.5,1914.849976,1819.181641,2552008.0,UP
2018-11-13,1915.0,1939.0,1903.0,1934.949951,1838.277466,1418432.0,UP
2018-11-14,1925.0,1929.900024,1870.0,1880.650024,1786.690186,2422318.0,DOWN
2018-11-15,1864.0,1899.0,1857.599976,1872.849976,1779.280151,1829123.0,DOWN
2018-11-16,1889.0,1899.800049,1870.25,1886.599976,1792.34314,1829729.0,UP
2018-11-19,1899.0,1907.349976,1864.300049,1902.449951,1807.401001,1740628.0,UP
2018-11-20,1902.0,1902.0,1874.199951,1878.25,1784.410278,1190182.0,DOWN
2018-11-21,1871.0,1871.050049,1798.550049,1812.0,1721.470093,3840461.0,DOWN
2018-11-22,1820.0,1847.599976,1809.949951,1812.550049,1721.99292,3194219.0,UP
2018-11-26,1819.0,1860.0,1784.5,1846.099976,1753.866699,4333177.0,UP
2018-11-27,1854.0,1897.900024,1835.349976,1890.25,1795.810669,3344839.0,UP
2018-11-28,1889.0,1989.0,1882.5,1983.900024,1884.781982,5313249.0,UP
2018-11-29,1997.0,1997.0,1942.550049,1960.550049,1862.598633,4035441.0,DOWN
2018-11-30,1966.0,1991.0,1959.849976,1968.25,1869.913818,5268901.0,UP
2018-12-03,1984.0,1990.0,1968.300049,1982.400024,1883.356934,1610576.0,UP
2018-12-04,1983.0,2019.400024,1971.0,2010.849976,1910.38562,3270615.0,UP
2018-12-05,2006.0,2018.0,1985.0,2006.75,1906.490234,2501539.0,DOWN
2018-12-06,1998.0,2017.0,1979.599976,1992.699951,1893.14209,2321216.0,DOWN
2018-12-07,1985.050049,2003.900024,1973.0,1995.199951,1895.517212,1680420.0,UP
2018-12-10,1975.0,2011.0,1960.0,1975.800049,1877.086548,2010786.0,DOWN
2018-12-11,1970.0,2010.0,1961.0,2000.0,1900.077393,2942014.0,UP
2018-12-12,2001.099976,2022.0,1984.949951,2016.800049,1916.038086,2219993.0,UP
2018-12-13,2024.0,2029.699951,1974.5,1982.599976,1883.546753,3748429.0,DOWN
2018-12-14,1983.0,1998.949951,1975.25,1989.75,1890.339722,2473761.0,UP
2018-12-17,1999.0,2004.900024,1985.0,1994.300049,1894.662231,1227921.0,UP
2018-12-18,1991.900024,2002.0,1976.400024,1987.849976,1888.534546,1768742.0,DOWN
2018-12-19,1984.800049,1984.800049,1960.050049,1968.449951,1870.10376,2498833.0,DOWN
2018-12-20,1953.800049,1974.900024,1946.0,1954.050049,1856.423584,1940277.0,DOWN
2018-12-21,1948.0,1950.0,1886.550049,1895.800049,1801.083496,3729956.0,DOWN
2018-12-24,1905.800049,1938.900024,1905.0,1918.5,1822.649414,1864116.0,UP
2018-12-26,1921.800049,1921.800049,1870.25,1889.199951,1794.812988,2446614.0,DOWN
2018-12-27,1909.0,1941.699951,1872.099976,1908.949951,1813.576294,4968201.0,UP
2018-12-28,1915.0,1920.0,1893.0,1896.050049,1801.320923,2239130.0,DOWN
2018-12-31,1908.0,1909.0,1886.150024,1893.050049,1798.471069,1879740.0,DOWN
2019-01-01,1896.0,1910.0,1885.0,1902.800049,1807.733765,1094883.0,UP
2019-01-02,1905.0,1934.449951,1900.0,1923.300049,1827.209595,2100463.0,UP
2019-01-03,1919.0,1944.949951,1893.099976,1899.949951,1805.026123,2611668.0,DOWN
2019-01-04,1900.0,1901.199951,1841.0,1876.849976,1783.080322,4280862.0,DOWN
2019-01-07,1891.800049,1908.800049,1881.0,1897.900024,1803.078613,1856423.0,UP
2019-01-08,1905.400024,1906.400024,1883.300049,1893.550049,1798.945801,1691756.0,DOWN
2019-01-09,1907.400024,1919.0,1866.699951,1886.949951,1792.675781,2414376.0,DOWN
2019-01-10,1890.0,1905.0,1872.099976,1888.550049,1794.196045,3053461.0,UP
2019-01-11,1870.0,1875.0,1835.0,1842.550049,1750.494019,9209862.0,DOWN
2019-01-14,1850.0,1851.0,1810.0,1813.25,1722.657715,3615370.0,DOWN
2019-01-15,1810.0,1869.349976,1808.0,1867.800049,1774.4823,7711653.0,UP
2019-01-16,1870.0,1875.0,1847.0,1870.150024,1776.714966,2359280.0,UP
2019-01-17,1878.0,1898.0,1871.300049,1894.300049,1803.515869,2625816.0,UP
2019-01-18,1881.0,1904.199951,1876.0,1900.650024,1809.561646,1683728.0,UP
2019-01-21,1902.0,1932.0,1895.449951,1908.699951,1817.225586,2409803.0,UP
2019-01-22,1907.099976,1918.25,1890.0,1901.900024,1810.751587,2457093.0,DOWN
2019-01-23,1901.0,1906.099976,1870.0,1875.599976,1785.711914,2578169.0,DOWN
2019-01-24,1884.800049,1905.25,1875.0,1901.550049,1810.418335,1962927.0,UP
2019-01-25,1902.0,1935.0,1901.0,1920.800049,1828.74585,2327080.0,UP
2019-01-28,1933.0,1962.0,1925.5,1955.0,1861.307007,2769033.0,UP
2019-01-29,1962.0,1989.050049,1936.650024,1982.75,1887.726807,2557626.0,UP
2019-01-30,1979.599976,1989.5,1954.650024,1981.400024,1886.441528,2429575.0,DOWN
2019-01-31,1987.0,2019.75,1985.0,2014.099976,1917.574341,4094319.0,UP
2019-02-01,2009.5,2034.75,1998.099976,2029.949951,1932.664917,3064163.0,UP
2019-02-04,2029.949951,2055.449951,2023.0,2050.25,1951.992065,1590764.0,UP
2019-02-05,2050.0,2055.0,2028.0,2044.550049,1946.565186,1111404.0,DOWN
2019-02-06,2049.899902,2086.850098,2041.050049,2074.800049,1975.365601,1789812.0,UP
2019-02-07,2074.75,2097.949951,2067.0,2082.899902,1983.077026,1339945.0,UP
2019-02-08,2075.0,2089.5,2051.0,2061.399902,1962.607422,1684474.0,DOWN
2019-02-11,2060.0,2096.0,2048.899902,2065.899902,1966.891724,1778730.0,UP
2019-02-12,2070.0,2070.0,2018.0,2051.600098,1953.277466,2422903.0,DOWN
2019-02-14,2060.050049,2075.0,2033.050049,2044.599976,1946.612671,1724085.0,DOWN
2019-02-15,2049.0,2052.0,2010.949951,2029.699951,1932.426758,1930065.0,DOWN
2019-02-18,2037.599976,2041.949951,1962.650024,1970.300049,1875.873657,2942184.0,DOWN
2019-02-19,1970.0,1971.0,1892.0,1904.800049,1813.512695,4408554.0,DOWN
2019-02-20,1915.0,1933.800049,1881.300049,1914.75,1822.98584,4645778.0,UP
2019-02-21,1914.75,1940.0,1897.050049,1914.199951,1822.462158,4683919.0,DOWN
2019-02-22,1917.199951,1930.0,1905.099976,1925.650024,1833.363403,2271955.0,UP
2019-02-25,1932.5,1990.0,1930.5,1985.150024,1890.011963,2934880.0,UP
2019-02-26,1984.0,2045.150024,1972.25,2038.699951,1940.995361,6453309.0,UP
2019-02-27,2040.0,2074.949951,2022.0,2058.100098,1959.465942,4732082.0,UP
2019-02-28,2060.0,2071.350098,1977.599976,1983.449951,1888.393311,8454295.0,DOWN
2019-03-01,1995.050049,2005.0,1980.349976,1995.400024,1899.77063,4148548.0,UP
2019-03-05,2005.0,2007.0,1976.599976,1988.099976,1892.820313,2449622.0,DOWN
2019-03-06,1989.300049,2015.0,1985.050049,1999.599976,1903.769409,2635047.0,UP
2019-03-07,2005.0,2024.050049,2000.199951,2013.300049,1916.812866,2539884.0,UP
2019-03-08,2025.0,2033.0,2010.050049,2022.699951,1925.762329,2031071.0,UP
2019-03-11,2028.900024,2033.0,2003.650024,2014.800049,1918.240967,3111689.0,DOWN
2019-03-12,2014.050049,2024.800049,2003.0,2012.449951,1916.00354,2658550.0,DOWN
2019-03-13,2013.0,2015.900024,1978.599976,2000.5,1904.626343,1833163.0,DOWN
2019-03-14,2004.949951,2007.800049,1981.0,1987.400024,1892.154175,1905495.0,DOWN
2019-03-15,1998.900024,2068.949951,1991.0,2039.949951,1942.185547,5184318.0,UP
2019-03-18,2043.0,2064.600098,2011.0,2022.800049,1925.857422,2349915.0,DOWN
2019-03-19,2030.0,2030.0,1995.099976,2022.800049,1925.857422,2373993.0,DOWN
2019-03-20,2028.0,2044.800049,2000.0,2015.050049,1918.478882,3091165.0,DOWN
2019-03-22,2015.0,2016.0,1983.300049,2005.650024,1909.529541,3148149.0,DOWN
2019-03-25,2007.800049,2007.800049,1977.199951,1984.25,1889.155029,2429205.0,DOWN
2019-03-26,1984.0,1994.949951,1958.050049,1982.650024,1887.631714,2316539.0,DOWN
2019-03-27,1994.0,1998.0,1961.0,1967.900024,1873.588623,2266166.0,DOWN
2019-03-28,1980.0,2014.599976,1972.800049,2000.300049,1904.435913,4054489.0,UP
2019-04-01,2010.0,2039.949951,2008.25,2031.650024,1934.283325,2095740.0,UP
2019-04-02,2037.099976,2086.0,2037.0,2079.300049,1979.64978,3719663.0,UP
2019-04-03,2085.0,2089.600098,2058.100098,2079.300049,1979.64978,2939886.0,DOWN
2019-04-04,2078.149902,2079.699951,2007.400024,2014.5,1917.9552,4397518.0,DOWN
2019-04-05,2028.650024,2054.399902,2018.800049,2048.300049,1950.135498,3152103.0,UP
2019-04-08,2059.0,2075.0,2032.699951,2070.75,1971.509399,2194294.0,UP
2019-04-09,2070.0,2098.0,2057.649902,2091.5,1991.265137,2690970.0,UP
2019-04-10,2083.0,2085.5,2036.0,2040.25,1942.471313,3313062.0,DOWN
2019-04-11,2045.0,2055.0,2013.650024,2019.5,1922.715454,3422442.0,DOWN
2019-04-12,2038.0,2039.0,2007.0,2014.5,1917.9552,3198471.0,DOWN
2019-04-15,2070.0,2119.800049,2041.0,2113.300049,2012.020386,9189201.0,UP
2019-04-16,2120.0,2155.949951,2115.550049,2131.800049,2029.633789,5771952.0,UP
2019-04-18,2149.899902,2155.0,2114.199951,2150.050049,2047.008789,3413728.0,UP
2019-04-22,2148.0,2176.0,2145.600098,2161.449951,2057.862305,2007135.0,UP
2019-04-23,2163.0,2165.5,2134.050049,2155.050049,2051.769775,2163524.0,DOWN
2019-04-24,2158.0,2195.0,2156.100098,2183.449951,2078.808594,3003071.0,UP
2019-04-25,2175.0,2205.0,2168.050049,2195.0,2089.804688,4211526.0,UP
2019-04-26,2203.0,2243.949951,2193.149902,2238.550049,2131.267822,2716958.0,UP
2019-04-30,2238.550049,2266.949951,2230.100098,2260.350098,2152.022949,3488395.0,UP
2019-05-02,2255.0,2259.399902,2211.100098,2215.399902,2109.227051,2457699.0,DOWN
2019-05-03,2185.0,2186.050049,2125.0,2132.0,2029.823975,3780886.0,DOWN
2019-05-06,2110.0,2165.0,2108.5,2157.850098,2054.435059,2891422.0,UP
2019-05-07,2160.050049,2184.350098,2138.800049,2151.949951,2048.817871,2201698.0,DOWN
2019-05-08,2151.0,2168.0,2130.399902,2152.850098,2049.675049,1824895.0,UP
2019-05-09,2145.0,2184.100098,2136.100098,2172.550049,2068.430664,2264162.0,UP
2019-05-10,2175.0,2192.0,2125.850098,2135.800049,2033.442017,2039633.0,DOWN
2019-05-13,2133.0,2167.0,2121.649902,2128.75,2026.729736,1701744.0,DOWN
2019-05-14,2135.0,2159.800049,2072.350098,2092.350098,1992.074463,2456110.0,DOWN
2019-05-15,2097.0,2124.0,2084.5,2095.399902,1994.977905,2346876.0,UP
2019-05-16,2096.0,2124.0,2077.050049,2108.75,2007.68811,1946529.0,UP
2019-05-17,2112.600098,2135.0,2090.0,2095.449951,1995.025879,1947908.0,DOWN
2019-05-20,2125.0,2151.399902,2050.0,2143.949951,2041.20105,2625116.0,UP
2019-05-21,2148.050049,2148.699951,2102.550049,2109.75,2008.640503,1863157.0,DOWN
2019-05-22,2110.0,2121.949951,2075.0,2081.75,1981.982056,2595795.0,DOWN
2019-05-23,2098.0,2115.350098,2050.0,2054.050049,1955.609741,2541294.0,DOWN
2019-05-24,2070.0,2070.0,2032.25,2048.0,1949.849731,2274208.0,DOWN
2019-05-27,2054.800049,2068.949951,2040.099976,2055.149902,1956.657104,2329820.0,UP
2019-05-28,2060.0,2097.5,2045.0,2073.75,1974.365601,5872979.0,UP
2019-05-29,2080.0,2123.699951,2077.100098,2107.550049,2006.546265,3281320.0,UP
2019-05-30,2123.0,2156.550049,2114.399902,2146.300049,2043.439087,4971725.0,UP
2019-05-31,2160.0,2204.949951,2152.25,2196.550049,2091.280762,4265370.0,UP
2019-06-03,2201.0,2247.649902,2185.649902,2242.300049,2134.837646,3682419.0,UP
2019-06-04,2224.0,2224.0,2175.0,2183.100098,2095.295166,2408658.0,DOWN
2019-06-06,2199.0,2199.0,2152.0,2166.100098,2078.97876,3735467.0,DOWN
2019-06-07,2174.0,2189.800049,2142.100098,2181.75,2093.999512,2659446.0,UP
2019-06-10,2196.699951,2235.850098,2185.5,2231.5,2141.748291,2080593.0,UP
2019-06-11,2237.0,2263.949951,2231.0,2252.800049,2162.19165,3048937.0,UP
2019-06-12,2245.0,2266.899902,2219.0,2260.899902,2169.966064,2404448.0,UP
2019-06-13,2264.0,2285.0,2243.050049,2254.100098,2163.439697,3320916.0,DOWN
2019-06-14,2257.25,2263.100098,2234.0,2254.5,2163.823242,2131408.0,UP
2019-06-17,2256.0,2262.0,2241.449951,2249.199951,2158.736328,1489497.0,DOWN
2019-06-18,2244.0,2260.0,2231.199951,2250.850098,2160.320557,1877447.0,UP
2019-06-19,2255.0,2276.0,2243.149902,2259.899902,2169.006104,1652817.0,UP
2019-06-20,2230.0,2284.0,2212.0,2277.949951,2186.330322,2199377.0,UP
2019-06-21,2285.0,2292.5,2242.0,2249.850098,2159.36084,3871804.0,DOWN
2019-06-24,2254.149902,2280.0,2250.800049,2275.5,2183.97876,1382424.0,UP
2019-06-25,2270.0,2274.449951,2250.5,2267.800049,2176.588867,1386077.0,DOWN
2019-06-26,2265.0,2266.800049,2250.0,2254.199951,2163.5354,1762224.0,DOWN
2019-06-27,2255.0,2264.0,2241.300049,2252.550049,2161.952393,2813464.0,DOWN
2019-06-28,2260.0,2261.949951,2222.5,2227.199951,2137.621338,2372928.0,DOWN
2019-07-01,2235.0,2255.0,2206.600098,2239.550049,2149.474609,2769940.0,UP
2019-07-02,2244.899902,2257.0,2216.449951,2252.100098,2161.52002,1771746.0,UP
2019-07-03,2252.199951,2258.800049,2232.0,2237.649902,2147.650879,1656881.0,DOWN
2019-07-04,2234.0,2252.0,2230.100098,2242.649902,2152.449951,984140.0,UP
2019-07-05,2247.0,2250.0,2140.0,2163.100098,2076.099854,4088470.0,DOWN
2019-07-08,2149.0,2188.800049,2132.100098,2175.399902,2087.905029,2788062.0,UP
2019-07-09,2174.0,2174.399902,2104.550049,2133.350098,2047.546021,3977224.0,DOWN
2019-07-10,2080.0,2127.850098,2071.300049,2108.199951,2023.407349,6343581.0,DOWN
2019-07-11,2128.0,2129.0,2086.050049,2102.550049,2017.984985,2400346.0,DOWN
2019-07-12,2102.100098,2119.75,2093.100098,2107.600098,2022.831665,1560725.0,UP
2019-07-15,2125.0,2153.600098,2098.0,2145.699951,2059.39917,2900415.0,UP
2019-07-16,2126.0,2132.5,2100.0,2106.0,2026.017212,2735399.0,DOWN
2019-07-17,2108.0,2125.0,2092.100098,2117.25,2036.84021,1802969.0,UP
2019-07-18,2116.199951,2116.199951,2060.0,2065.949951,1987.488403,3072096.0,DOWN
2019-07-19,2077.0,2097.0,2062.5,2076.949951,1998.070435,1953177.0,UP
2019-07-22,2077.0,2117.449951,2068.800049,2109.899902,2029.769043,1920167.0,UP
2019-07-23,2127.899902,2130.0,2102.399902,2112.449951,2032.222046,3538588.0,UP
2019-07-24,2110.0,2120.800049,2076.5,2096.800049,2017.166504,2413196.0,DOWN
2019-07-25,2108.899902,2135.0,2092.550049,2127.899902,2047.085327,2544464.0,UP
2019-07-26,2129.800049,2129.800049,2095.0,2109.050049,2028.951538,1720592.0,DOWN
2019-07-29,2110.800049,2142.0,2103.300049,2130.0,2049.105469,1647090.0,UP
2019-07-30,2130.0,2185.0,2120.449951,2179.149902,2096.38916,2851672.0,UP
2019-07-31,2171.75,2211.699951,2147.149902,2205.699951,2121.930908,3000677.0,UP
2019-08-01,2200.0,2217.5,2166.25,2180.050049,2097.255127,2375236.0,DOWN
2019-08-02,2173.0,2210.0,2165.5,2205.300049,2121.546387,2500816.0,UP
2019-08-05,2199.899902,2252.25,2195.600098,2248.600098,2163.20166,3039682.0,UP
2019-08-06,2232.800049,2251.949951,2211.449951,2214.899902,2130.781006,2885467.0,DOWN
2019-08-07,2230.0,2238.5,2207.25,2213.449951,2129.38623,2165362.0,DOWN
2019-08-08,2228.899902,2281.0,2218.899902,2258.100098,2172.34082,2073298.0,UP
2019-08-09,2260.0,2267.899902,2241.350098,2246.25,2160.940918,1744550.0,DOWN
2019-08-13,2245.0,2246.25,2194.300049,2199.449951,2115.917725,1647281.0,DOWN
2019-08-14,2181.100098,2217.850098,2167.399902,2204.399902,2120.679932,1945002.0,UP
2019-08-16,2241.399902,2241.399902,2143.25,2165.100098,2082.872803,3755507.0,DOWN
2019-08-19,2180.0,2186.0,2157.699951,2163.0,2080.852295,974884.0,DOWN
2019-08-20,2172.0,2205.0,2166.5,2186.75,2103.700439,1843611.0,UP
2019-08-21,2184.949951,2202.0,2182.25,2186.199951,2103.171143,1214408.0,DOWN
2019-08-22,2187.0,2235.649902,2170.0,2216.0,2131.8396,2131601.0,UP
2019-08-23,2214.949951,2259.899902,2213.899902,2247.699951,2162.335449,2826425.0,UP
2019-08-26,2247.0,2282.0,2225.0,2276.300049,2189.849365,2345475.0,UP
2019-08-27,2270.0,2274.850098,2229.0,2236.5,2151.561279,3432106.0,DOWN
2019-08-28,2240.0,2252.149902,2216.0,2239.25,2154.206543,1294621.0,UP
2019-08-29,2222.199951,2248.199951,2222.199951,2233.449951,2148.626709,1670652.0,DOWN
2019-08-30,2241.0,2266.0,2218.0,2259.600098,2173.783691,2583625.0,UP
2019-09-03,2270.0,2296.199951,2236.949951,2251.600098,2166.087646,2545060.0,DOWN
2019-09-04,2265.0,2270.0,2233.0,2245.399902,2160.123047,2228092.0,DOWN
2019-09-05,2242.199951,2253.649902,2207.300049,2215.300049,2131.16626,2055943.0,DOWN
2019-09-06,2216.0,2233.5,2192.600098,2197.5,2114.041992,1890550.0,DOWN
2019-09-09,2200.0,2202.850098,2179.800049,2182.850098,2099.94873,1703945.0,DOWN
2019-09-11,2186.0,2195.0,2146.550049,2154.0,2072.194336,2627440.0,DOWN
2019-09-12,2155.0,2165.0,2120.350098,2133.600098,2052.569092,2118859.0,DOWN
2019-09-13,2135.0,2157.949951,2115.550049,2141.949951,2060.602295,2291174.0,UP
2019-09-16,2159.949951,2173.399902,2126.399902,2150.0,2068.346191,2597948.0,UP
2019-09-17,2154.949951,2156.550049,2105.600098,2122.649902,2042.034912,2796530.0,DOWN
2019-09-18,2126.399902,2142.949951,2113.149902,2138.550049,2057.331055,1454663.0,UP
2019-09-19,2135.0,2135.800049,2091.0,2101.949951,2022.12085,1652691.0,DOWN
2019-09-20,2104.899902,2129.399902,2057.0,2065.449951,1987.007446,6941979.0,DOWN
2019-09-23,2099.0,2099.0,1975.0,2015.800049,1939.242798,6323401.0,DOWN
2019-09-24,2015.0,2061.0,2013.0,2044.699951,1967.045166,4620978.0,UP
2019-09-25,2065.0,2092.0,2060.050049,2088.449951,2009.133667,4002232.0,UP
2019-09-26,2097.899902,2107.0,2063.0,2087.600098,2008.315918,4234281.0,DOWN
2019-09-27,2085.0,2085.199951,2051.399902,2056.149902,1978.060303,2046795.0,DOWN
2019-09-30,2061.850098,2104.0,2060.0,2099.300049,2019.571655,2620039.0,UP
2019-10-01,2095.949951,2095.949951,2039.699951,2059.949951,1981.716064,3342877.0,DOWN
2019-10-03,2070.0,2081.149902,2046.150024,2060.25,1982.004639,2317618.0,UP
2019-10-04,2060.600098,2087.949951,2054.949951,2079.350098,2000.379761,2163251.0,UP
2019-10-07,2080.0,2094.5,2041.0,2047.699951,1969.931396,2177916.0,DOWN
2019-10-09,2060.0,2060.0,2015.5,2020.099976,1943.379517,2066920.0,DOWN
2019-10-10,2028.0,2039.050049,1997.099976,2004.449951,1928.323853,2881452.0,DOWN
2019-10-11,1931.0,1995.0,1925.0,1986.849976,1911.392334,12593069.0,DOWN
2019-10-14,1995.0,2032.75,1968.0,2021.0,1944.245239,3510704.0,UP
2019-10-15,2032.0,2047.0,2022.699951,2037.300049,1959.926392,2261310.0,UP
2019-10-16,2038.0,2056.0,2016.0,2046.400024,1968.680786,3034082.0,UP
2019-10-17,2014.0,2038.0,1999.300049,2030.949951,1992.769165,3818774.0,UP
2019-10-18,2037.5,2063.899902,2025.0,2057.350098,2018.673096,3087901.0,UP
2019-10-22,2080.0,2111.5,2040.050049,2051.399902,2012.834717,5552505.0,DOWN
2019-10-23,2060.0,2083.850098,2052.5,2070.100098,2031.183228,2348134.0,UP
2019-10-24,2084.0,2099.0,2061.300049,2082.0,2042.859497,2798671.0,UP
2019-10-25,2094.0,2130.0,2075.050049,2124.949951,2085.001953,3954245.0,UP
2019-10-27,,,,,,,UP
2019-10-29,2121.5,2201.699951,2121.5,2194.850098,2153.588135,5064173.0,DOWN
2019-10-30,2225.0,2260.0,2176.850098,2252.800049,2210.448486,5195136.0,UP
2019-10-31,2250.0,2284.949951,2237.0,2269.649902,2226.981934,4879261.0,UP
2019-11-01,2264.0,2275.0,2195.0,2200.899902,2159.523926,4172620.0,DOWN
2019-11-04,2207.0,2229.199951,2180.899902,2193.949951,2152.704834,2646411.0,DOWN
2019-11-05,2197.0,2211.0,2169.0,2201.850098,2160.456299,2693475.0,UP
2019-11-06,2200.0,2210.800049,2179.0,2188.5,2147.357422,2540719.0,DOWN
2019-11-07,2204.5,2204.5,2175.199951,2185.350098,2144.266602,1915598.0,DOWN
2019-11-08,2189.600098,2189.600098,2124.0,2129.949951,2089.907959,2788759.0,DOWN
2019-11-11,2135.0,2139.0,2091.0,2100.949951,2061.453125,2983768.0,DOWN
2019-11-13,2118.0,2183.800049,2118.0,2178.600098,2137.643555,3823365.0,UP
2019-11-14,2187.5,2200.0,2146.699951,2196.800049,2155.501221,2995915.0,UP
2019-11-15,2196.0,2211.5,2168.75,2174.449951,2133.571289,2724180.0,DOWN
2019-11-18,2178.399902,2187.75,2148.75,2152.600098,2112.132324,1611089.0,DOWN
2019-11-19,2153.0,2154.649902,2105.0,2108.800049,2069.155762,2975313.0,DOWN
2019-11-20,2121.949951,2135.0,2094.5,2108.550049,2068.910156,2894129.0,DOWN
2019-11-21,2112.0,2126.600098,2107.399902,2118.100098,2078.281006,2052574.0,UP
2019-11-22,2097.0,2107.0,2060.5,2071.699951,2032.753174,3742049.0,DOWN
2019-11-25,2074.550049,2084.949951,2052.199951,2081.5,2042.368896,2737010.0,UP
2019-11-26,2089.850098,2097.899902,2035.050049,2046.650024,2008.17395,6561580.0,DOWN
2019-11-27,2052.0,2071.699951,2046.550049,2054.300049,2015.680298,2907521.0,UP
2019-11-28,2067.050049,2094.399902,2060.0,2077.350098,2038.296997,2924429.0,UP
2019-11-29,2085.0,2085.0,2045.800049,2053.25,2014.650024,2064271.0,DOWN
2019-12-02,2060.0,2067.699951,2016.0,2021.050049,1983.055298,3809860.0,DOWN
2019-12-03,2027.699951,2062.0,2010.0,2051.0,2012.442261,4664774.0,UP
2019-12-04,2053.0,2082.0,2045.5,2078.5,2039.425171,3334301.0,UP
2019-12-05,2083.0,2126.800049,2068.350098,2121.300049,2081.420654,3902721.0,UP
2019-12-06,2124.0,2128.0,2101.0,2123.600098,2083.67749,1829461.0,UP
2019-12-09,2127.949951,2127.949951,2053.5,2060.449951,2021.714478,2244747.0,DOWN
2019-12-10,2060.0,2060.850098,2003.25,2012.849976,1975.009399,4520045.0,DOWN
2019-12-11,2025.400024,2048.0,2006.75,2041.900024,2003.513184,4943024.0,UP
2019-12-12,2051.100098,2083.649902,1984.0,2020.900024,1982.908203,7137306.0,DOWN
2019-12-13,2023.0,2077.399902,2007.0,2071.25,2032.311401,5711133.0,UP
2019-12-16,2096.0,2136.0,2080.300049,2126.75,2086.768066,5574177.0,UP
2019-12-17,2126.5,2169.0,2119.0,2164.949951,2124.25,6059673.0,UP
2019-12-18,2174.0,2203.449951,2153.0,2167.75,2126.997314,8251081.0,UP
2019-12-19,2179.800049,2236.5,2167.550049,2229.050049,2187.145264,6251505.0,UP
2019-12-20,2220.0,2246.699951,2208.25,2222.899902,2181.110596,5548338.0,DOWN
2019-12-23,2210.0,2241.949951,2210.0,2231.699951,2189.744873,2247329.0,UP
2019-12-24,2239.0,2243.550049,2211.149902,2215.600098,2173.947998,1805896.0,DOWN
2019-12-26,2216.399902,2229.0,2195.199951,2201.949951,2160.554688,1880367.0,DOWN
2019-12-27,2208.0,2226.399902,2176.0,2198.5,2157.169434,2720261.0,DOWN
2019-12-30,2207.0,2225.0,2177.100098,2183.199951,2142.156738,2288830.0,DOWN
2019-12-31,2189.0,2197.0,2157.449951,2161.699951,2121.061035,1909289.0,DOWN
2020-01-01,2168.0,2183.899902,2154.0,2167.600098,2126.850586,1354908.0,UP
2020-01-02,2179.949951,2179.949951,2149.199951,2157.649902,2117.087158,2380752.0,DOWN
2020-01-03,2164.0,2223.0,2164.0,2200.649902,2159.278564,4655761.0,UP
2020-01-06,2205.0,2225.949951,2187.899902,2200.449951,2159.08252,3023209.0,DOWN
2020-01-07,2200.5,2214.649902,2183.800049,2205.850098,2164.381104,2429317.0,UP
2020-01-08,2205.0,2260.0,2202.050049,2255.25,2212.852539,5197454.0,UP
2020-01-09,2248.75,2251.949951,2210.0,2214.350098,2172.72168,3734173.0,DOWN
2020-01-10,2228.0,2234.0,2208.0,2213.550049,2171.936523,1915807.0,DOWN
2020-01-13,2217.850098,2218.949951,2184.699951,2190.350098,2149.172852,2843893.0,DOWN
2020-01-14,2195.0,2229.800049,2195.0,2206.899902,2165.411377,2948452.0,UP
2020-01-15,2213.0,2231.0,2194.199951,2226.899902,2185.0354,2620681.0,UP
2020-01-16,2226.949951,2249.0,2215.0,2238.800049,2196.71167,3117214.0,UP
2020-01-17,2240.75,2253.550049,2213.0,2219.100098,2177.38208,3281059.0,DOWN
2020-01-20,2194.899902,2242.199951,2156.199951,2170.350098,2129.548828,5817599.0,DOWN
2020-01-21,2169.949951,2186.550049,2158.050049,2171.050049,2130.235352,1902980.0,UP
2020-01-22,2181.0,2210.0,2173.699951,2206.899902,2165.411377,1773686.0,UP
2020-01-23,2209.800049,2217.75,2183.699951,2190.949951,2154.642822,2069866.0,DOWN
2020-01-24,2190.949951,2190.949951,2170.0,2183.399902,2147.218018,1319430.0,DOWN
2020-01-27,2189.699951,2193.449951,2165.0,2169.25,2133.30249,1549101.0,DOWN
2020-01-28,2174.0,2187.800049,2152.0,2183.75,2147.562012,1743024.0,UP
2020-01-29,2185.0,2186.949951,2150.0,2154.600098,2118.895508,2306761.0,DOWN
2020-01-30,2160.0,2165.0,2125.0,2137.850098,2102.423096,2098567.0,DOWN
2020-01-31,2139.399902,2144.350098,2071.600098,2079.050049,2044.597412,3287223.0,DOWN
2020-02-03,2152.0,2194.699951,2093.199951,2102.5,2067.658691,4728073.0,UP
2020-02-04,2129.0,2136.699951,2086.600098,2107.75,2072.821533,3509339.0,UP
2020-02-05,2115.0,2156.699951,2104.300049,2146.550049,2110.97876,2439322.0,UP
2020-02-06,2145.0,2174.199951,2115.5,2128.350098,2093.080322,2640065.0,DOWN
2020-02-07,2139.0,2151.0,2119.0,2136.550049,2101.144531,2083442.0,UP
2020-02-10,2140.899902,2167.0,2119.0,2161.949951,2126.123291,2383032.0,UP
2020-02-11,2163.0,2174.800049,2147.600098,2153.399902,2117.715088,1335820.0,DOWN
2020-02-12,2151.100098,2185.0,2150.0,2170.75,2134.777344,1620407.0,UP
2020-02-13,2172.949951,2197.0,2171.0,2191.949951,2155.626221,1645948.0,UP
2020-02-14,2188.0,2212.0,2171.0,2184.199951,2148.004639,1500115.0,DOWN
2020-02-17,2196.949951,2217.0,2190.199951,2203.25,2166.739014,1774724.0,UP
2020-02-18,2199.949951,2221.0,2186.050049,2215.75,2179.031738,2486223.0,UP
2020-02-19,2215.75,2230.0,2190.5,2196.350098,2159.953613,1760463.0,DOWN
2020-02-20,2204.5,2214.399902,2151.25,2156.800049,2121.059082,2317278.0,DOWN
2020-02-24,2156.0,2178.949951,2106.699951,2115.350098,2080.295898,3092877.0,DOWN
2020-02-25,2115.5,2176.649902,2111.0,2156.149902,2120.419434,2674567.0,UP
2020-02-26,2154.0,2163.899902,2112.949951,2123.600098,2088.408936,2686842.0,DOWN
2020-02-27,2119.949951,2119.949951,2086.199951,2105.5,2070.609131,2349001.0,DOWN
2020-02-28,2068.0,2069.5,1990.0,2000.150024,1967.004639,4298076.0,DOWN
2020-03-02,2035.0,2053.949951,1985.699951,2001.300049,1968.135742,2667076.0,UP
2020-03-03,2020.0,2060.0,2012.0,2036.199951,2002.457275,2757585.0,UP
2020-03-04,2056.0,2094.449951,2025.0,2083.199951,2048.678467,3237002.0,UP
2020-03-05,2085.699951,2147.75,2084.050049,2125.050049,2089.834961,3937056.0,UP
2020-03-06,2098.0,2123.649902,2071.600098,2116.449951,2081.377441,2595027.0,DOWN
2020-03-09,2075.0,2079.899902,1935.0,1972.349976,1939.665405,4940975.0,DOWN
2020-03-11,1933.0,1987.300049,1920.0,1953.699951,1921.324341,6796449.0,DOWN
2020-03-12,1904.0,1908.400024,1758.349976,1769.849976,1740.52124,8728786.0,DOWN
2020-03-13,1687.900024,1820.0,1506.050049,1806.300049,1776.367188,8029720.0,UP
2020-03-16,1755.0,1842.25,1675.849976,1696.400024,1668.28833,7844271.0,DOWN
2020-03-17,1730.0,1731.0,1623.150024,1658.0,1630.52478,5713248.0,DOWN
2020-03-18,1676.800049,1713.550049,1627.75,1654.400024,1626.984253,7258778.0,DOWN
2020-03-19,1559.699951,1685.449951,1546.75,1636.349976,1620.991089,5135111.0,DOWN
2020-03-20,1630.0,1869.0,1627.0,1797.449951,1780.579102,8547498.0,UP
2020-03-23,1620.0,1750.0,1617.75,1669.699951,1654.028076,7003490.0,DOWN
2020-03-24,1653.050049,1770.0,1632.849976,1703.150024,1687.164185,6350865.0,UP
2020-03-25,1700.0,1810.0,1680.0,1750.300049,1733.871704,2765520.0,UP
2020-03-26,1831.599976,1832.050049,1722.550049,1790.949951,1774.139893,4556067.0,UP
2020-03-27,1820.0,1850.0,1750.400024,1824.5,1807.375122,4331250.0,UP
2020-03-30,1766.0,1905.0,1763.550049,1778.5,1761.806885,8513547.0,DOWN
2020-03-31,1837.400024,1855.0,1780.0,1826.099976,1808.960083,3927593.0,UP
2020-04-01,1825.900024,1834.75,1702.0,1708.75,1692.711548,4941878.0,DOWN
2020-04-03,1740.0,1740.0,1650.0,1654.199951,1638.673462,5735369.0,DOWN
2020-04-07,1710.0,1785.849976,1705.0,1775.199951,1758.53772,5427577.0,UP
2020-04-08,1760.0,1806.0,1701.0,1705.449951,1689.442505,6285615.0,DOWN
2020-04-09,1750.449951,1778.800049,1731.199951,1766.150024,1749.572876,5307397.0,UP
2020-04-13,1761.0,1787.0,1746.0,1759.25,1742.737549,2990438.0,DOWN
2020-04-15,1785.0,1812.0,1727.800049,1735.150024,1718.863647,4761399.0,DOWN
2020-04-16,1709.949951,1764.900024,1675.050049,1716.050049,1699.943115,6245533.0,DOWN
2020-04-17,1800.0,1851.949951,1753.0,1806.199951,1789.246948,9895823.0,UP
2020-04-20,1830.0,1830.0,1802.5,1818.650024,1801.580078,3244282.0,UP
2020-04-21,1765.0,1794.599976,1727.699951,1737.650024,1721.340332,5122541.0,DOWN
2020-04-22,1737.650024,1790.0,1719.150024,1769.5,1752.891479,3829836.0,UP
2020-04-23,1780.0,1900.0,1760.849976,1878.25,1860.620605,5934366.0,UP
2020-04-24,1840.699951,1851.949951,1807.800049,1818.550049,1801.481079,2987102.0,DOWN
2020-04-27,1832.300049,1875.0,1825.0,1836.599976,1819.361572,3374741.0,UP
2020-04-28,1865.0,1868.0,1832.599976,1859.050049,1841.60083,2678505.0,UP
2020-04-29,1874.0,1912.550049,1850.050049,1905.650024,1887.763428,4241510.0,UP
2020-04-30,1980.0,2032.0,1942.199951,2014.449951,1995.542236,5915544.0,UP
2020-05-04,1966.0,1966.0,1913.650024,1930.449951,1912.330566,3729348.0,DOWN
2020-05-05,1955.099976,1977.0,1927.0,1932.75,1914.609009,2905528.0,UP
2020-05-06,1939.800049,1953.699951,1893.599976,1903.599976,1885.732666,3517431.0,DOWN
2020-05-07,1910.0,1934.449951,1883.349976,1891.650024,1873.894775,3166754.0,DOWN
2020-05-08,1939.099976,1939.5,1886.25,1893.400024,1875.628418,2686530.0,UP
2020-05-11,1909.0,1951.400024,1909.0,1935.300049,1917.135132,2449841.0,UP
2020-05-12,1933.400024,1956.5,1910.25,1949.5,1931.201904,3256595.0,UP
2020-05-13,1994.0,1994.0,1925.650024,1949.650024,1931.350464,2656665.0,UP
2020-05-14,1910.0,1923.099976,1891.099976,1902.349976,1884.494385,2263146.0,DOWN
2020-05-15,1916.0,1917.400024,1865.199951,1892.900024,1875.133179,3173682.0,DOWN
2020-05-18,1907.0,1952.949951,1872.099976,1945.599976,1927.338501,3727694.0,UP
2020-05-19,1903.0,1966.449951,1903.0,1948.650024,1930.359741,3198693.0,UP
2020-05-20,1950.0,1962.900024,1931.699951,1953.599976,1935.263428,2778505.0,UP
2020-05-21,1946.0,1998.0,1941.150024,1991.199951,1972.510376,3400908.0,UP
2020-05-22,1977.099976,2032.0,1961.25,2020.349976,2001.386841,3663418.0,UP
2020-05-26,2015.0,2024.0,1925.0,1943.0,1924.762939,4575317.0,DOWN
2020-05-27,1959.0,2010.0,1941.25,2005.300049,1986.478149,3482160.0,UP
2020-05-28,1988.5,2014.0,1971.300049,2004.300049,1985.487549,3475681.0,DOWN
2020-05-29,1982.0,2002.650024,1962.400024,1972.349976,1953.83728,7237735.0,DOWN
2020-06-01,1990.0,2060.0,1981.099976,2045.25,2026.053101,3747773.0,UP
2020-06-02,2060.199951,2081.0,2040.050049,2047.150024,2027.935303,2443886.0,UP
2020-06-03,2051.850098,2063.75,2020.0,2046.150024,2032.902954,3699799.0,UP
2020-06-04,2046.75,2100.0,2046.75,2091.550049,2078.009033,4048593.0,UP
2020-06-05,2091.600098,2098.0,2040.300049,2048.25,2034.989258,3573289.0,DOWN
2020-06-08,2078.25,2095.0,2062.100098,2071.75,2058.337158,2957841.0,UP
2020-06-09,2063.100098,2095.5,2060.25,2072.050049,2058.635254,2909439.0,UP
2020-06-10,2077.050049,2132.0,2073.5,2108.75,2095.097656,5168397.0,UP
2020-06-11,2100.0,2105.0,2061.800049,2067.649902,2054.263428,2269513.0,DOWN
2020-06-12,2011.199951,2049.199951,2011.0,2039.5,2026.295898,2842642.0,DOWN
2020-06-15,2039.099976,2059.0,2000.949951,2029.900024,2016.758179,2399022.0,DOWN
2020-06-16,2065.0,2073.949951,2031.0,2045.800049,2032.555176,2146528.0,UP
2020-06-17,2046.0,2058.850098,2026.550049,2047.800049,2034.542236,2703527.0,UP
2020-06-18,2045.0,2059.199951,2025.199951,2038.099976,2024.905029,1944389.0,DOWN
2020-06-19,2042.0,2090.0,2032.0,2044.599976,2031.362793,5681758.0,UP
2020-06-22,2050.0,2052.25,2019.150024,2027.949951,2014.820679,3196138.0,DOWN
2020-06-23,2027.0,2044.0,2010.0,2035.300049,2022.123169,4205944.0,UP
2020-06-24,2034.0,2064.25,2031.599976,2042.199951,2028.978394,2560937.0,UP
2020-06-25,2035.0,2060.0,2009.25,2016.099976,2003.047363,3043931.0,DOWN
2020-06-26,2025.0,2132.0,2019.949951,2118.850098,2105.132324,6300722.0,UP
2020-06-29,2108.0,2127.600098,2091.300049,2101.649902,2088.043457,3076341.0,DOWN
2020-06-30,2100.0,2111.899902,2075.050049,2082.149902,2068.669678,3071725.0,DOWN
2020-07-01,2079.699951,2113.949951,2079.5,2092.050049,2078.505859,2503466.0,UP
2020-07-02,2102.0,2165.0,2098.0,2157.149902,2143.184082,3758699.0,UP
2020-07-03,2163.649902,2205.0,2160.25,2199.649902,2185.408936,4185208.0,UP
2020-07-06,2205.0,2269.899902,2205.0,2263.199951,2248.547607,5190366.0,UP
2020-07-07,2275.0,2302.699951,2232.149902,2269.899902,2255.204102,5630055.0,UP
2020-07-08,2270.0,2274.399902,2207.600098,2218.899902,2204.534424,2793358.0,DOWN
2020-07-09,2229.0,2244.5,2191.050049,2204.350098,2190.078613,3443998.0,DOWN
2020-07-10,2205.25,2249.850098,2176.0,2222.350098,2207.962158,9610320.0,UP
2020-07-13,2220.0,2244.949951,2210.0,2220.0,2205.627441,2963503.0,DOWN
2020-07-14,2210.0,2239.0,2165.0,2171.949951,2157.888428,2976738.0,DOWN
2020-07-15,2185.0,2260.0,2181.100098,2233.899902,2219.437256,5569321.0,UP
2020-07-16,2244.0,2333.0,2220.100098,2234.75,2225.262451,8582118.0,UP
2020-07-17,2237.0,2243.899902,2190.050049,2200.75,2191.406738,4509135.0,DOWN
2020-07-20,2201.0,2226.899902,2190.800049,2207.899902,2198.526367,2952646.0,UP
2020-07-21,2230.0,2238.649902,2201.149902,2225.050049,2215.60376,2665286.0,UP
2020-07-22,2231.0,2231.0,2184.199951,2190.949951,2181.648438,2861534.0,DOWN
2020-07-23,2190.949951,2190.949951,2163.0,2171.199951,2161.982178,2265766.0,DOWN
2020-07-24,2154.5,2163.0,2125.100098,2157.399902,2148.240723,3665100.0,DOWN
2020-07-27,2165.0,2215.0,2163.5,2206.800049,2197.431152,4248480.0,UP
2020-07-28,2215.0,2320.0,2215.0,2309.75,2299.944092,8092319.0,UP
2020-07-29,2292.0,2342.0,2246.050049,2276.050049,2266.387207,6090431.0,DOWN
2020-07-30,2285.899902,2358.0,2272.25,2279.5,2269.82251,7098496.0,UP
2020-07-31,2303.149902,2334.800049,2257.449951,2281.399902,2271.714355,4723290.0,UP
2020-08-03,2290.449951,2303.850098,2230.699951,2254.149902,2244.580078,4012337.0,DOWN
2020-08-04,2259.949951,2269.649902,2225.050049,2249.699951,2240.148926,2927928.0,DOWN
2020-08-05,2260.0,2300.0,2253.0,2259.5,2249.907471,3800641.0,UP
2020-08-06,2275.0,2319.5,2265.350098,2308.100098,2298.30127,4748047.0,UP
2020-08-07,2308.0,2328.0,2287.0,2295.350098,2285.605225,3165491.0,DOWN
2020-08-10,2318.0,2325.0,2276.050049,2282.800049,2273.108398,2929353.0,DOWN
2020-08-11,2283.0,2312.0,2275.600098,2279.899902,2270.220703,2774423.0,DOWN
2020-08-12,2288.350098,2296.399902,2246.550049,2257.350098,2247.766602,3415751.0,DOWN
2020-08-13,2273.0,2300.0,2250.5,2254.449951,2244.878662,2695682.0,DOWN
2020-08-14,2277.0,2281.300049,2233.100098,2242.149902,2232.630859,2270405.0,DOWN
2020-08-17,2263.0,2270.0,2238.25,2253.399902,2243.833252,2625630.0,UP
2020-08-18,2262.800049,2289.0,2248.300049,2269.75,2260.11377,3493374.0,UP
2020-08-19,2276.350098,2284.600098,2252.5,2256.600098,2247.019775,2843005.0,DOWN
2020-08-20,2257.0,2276.550049,2240.050049,2252.850098,2243.285645,2895164.0,DOWN
2020-08-21,2260.0,2271.0,2241.050049,2248.600098,2239.053711,1975294.0,DOWN
2020-08-24,2250.600098,2259.949951,2230.0,2248.100098,2238.555908,2167966.0,DOWN
2020-08-25,2245.0,2250.0,2233.550049,2242.649902,2233.128906,1663419.0,DOWN
2020-08-26,2242.0,2259.899902,2216.449951,2253.5,2243.932861,2618149.0,UP
2020-08-27,2266.0,2287.350098,2241.75,2248.399902,2238.854492,3579393.0,DOWN
2020-08-28,2268.399902,2279.949951,2235.100098,2238.550049,2229.046387,2941136.0,DOWN
2020-08-31,2240.0,2276.199951,2228.0,2257.25,2247.666992,6018154.0,UP
2020-09-01,2269.0,2278.0,2241.300049,2246.350098,2236.813232,3610908.0,DOWN
2020-09-02,2247.0,2268.75,2241.649902,2265.149902,2255.533203,2084137.0,UP
2020-09-03,2268.0,2324.0,2268.0,2299.5,2289.737549,4654146.0,UP
2020-09-04,2275.0,2324.25,2262.949951,2288.800049,2279.083008,5231303.0,DOWN
2020-09-07,2289.0,2343.5,2283.350098,2327.050049,2317.170654,4620401.0,UP
2020-09-08,2335.949951,2390.449951,2327.050049,2348.199951,2338.230713,7453998.0,UP
2020-09-09,2325.0,2359.0,2320.0,2327.649902,2317.768066,3866535.0,DOWN
2020-09-10,2335.0,2348.5,2324.300049,2331.149902,2321.253174,2308813.0,UP
2020-09-11,2330.949951,2383.0,2330.149902,2374.100098,2364.020996,4145424.0,UP
2020-09-14,2384.100098,2505.75,2381.850098,2491.399902,2480.822754,7512131.0,UP
2020-09-15,2491.399902,2538.0,2464.600098,2491.399902,2480.822754,7318770.0,DOWN
2020-09-16,2488.949951,2507.600098,2477.300049,2503.0,2492.373535,3074003.0,UP
2020-09-17,2480.0,2495.75,2450.600098,2460.949951,2450.502197,4828176.0,DOWN
2020-09-18,2485.0,2500.399902,2436.399902,2449.899902,2439.499023,4183256.0,DOWN
2020-09-21,2465.0,2504.899902,2452.149902,2465.300049,2454.83374,4598809.0,UP
2020-09-22,2485.0,2555.0,2458.0,2522.949951,2512.23877,7499613.0,UP
2020-09-23,2510.0,2519.850098,2409.0,2467.449951,2456.974609,7502280.0,DOWN
2020-09-24,2450.0,2450.0,2302.600098,2332.25,2322.348633,8424708.0,DOWN
2020-09-25,2368.0,2440.0,2352.100098,2422.300049,2412.016357,8228267.0,UP
2020-09-28,2440.0,2444.0,2366.0,2426.300049,2415.999268,4347166.0,UP
2020-09-29,2434.850098,2511.050049,2426.300049,2488.399902,2477.835449,6995811.0,UP
2020-09-30,2489.0,2505.0,2460.0,2492.300049,2481.718994,3917166.0,UP
2020-10-01,2510.0,2540.0,2492.300049,2523.449951,2512.736816,2610337.0,UP
2020-10-05,2620.0,2728.100098,2603.050049,2705.800049,2694.312744,17412105.0,UP
2020-10-06,2736.0,2736.0,2650.100098,2714.300049,2702.776611,9846367.0,UP
2020-10-07,2742.0,2770.0,2703.0,2735.949951,2724.334473,9656101.0,UP
2020-10-08,2800.0,2885.0,2800.0,2825.699951,2813.703613,19839329.0,UP
2020-10-09,2810.0,2829.850098,2780.0,2812.949951,2801.007568,7739245.0,DOWN
2020-10-12,2815.5,2854.0,2800.75,2830.0,2817.985352,4623203.0,UP
2020-10-13,2845.0,2854.899902,2812.199951,2826.550049,2814.550049,4209878.0,DOWN
2020-10-14,2842.0,2842.0,2787.550049,2809.600098,2809.600098,4395936.0,DOWN
2020-10-15,2811.0,2827.75,2727.0,2740.600098,2740.600098,6629355.0,DOWN
2020-10-16,2750.100098,2771.649902,2731.300049,2763.300049,2763.300049,5273773.0,UP
2020-10-19,2774.0,2774.0,2706.600098,2711.550049,2711.550049,3331194.0,DOWN
2020-10-20,2725.0,2759.899902,2717.949951,2739.0,2739.0,3406273.0,UP
2020-10-21,2739.0,2749.0,2663.050049,2675.399902,2675.399902,4570143.0,DOWN
2020-10-22,2661.0,2686.649902,2638.100098,2671.149902,2671.149902,5262294.0,DOWN
2020-10-23,2687.800049,2702.0,2670.100098,2686.800049,2686.800049,3499091.0,UP
2020-10-26,2689.949951,2709.949951,2670.5,2688.199951,2688.199951,2672752.0,UP
2020-10-27,2699.75,2718.149902,2624.100098,2630.149902,2630.149902,3537502.0,DOWN
2020-10-28,2650.0,2655.949951,2606.0,2622.199951,2622.199951,3569445.0,DOWN
2020-10-29,2608.0,2655.0,2600.25,2632.649902,2632.649902,3105968.0,UP
2020-10-30,2636.100098,2674.350098,2621.600098,2664.850098,2664.850098,3427003.0,UP
2020-11-02,2660.0,2664.850098,2600.050049,2604.600098,2604.600098,2571196.0,DOWN
2020-11-03,2604.0,2665.0,2601.050049,2633.600098,2633.600098,2879269.0,UP
2020-11-04,2610.0,2721.850098,2610.0,2653.149902,2653.149902,4893928.0,UP
2020-11-05,2685.0,2710.0,2667.0,2685.699951,2685.699951,2816502.0,UP
2020-11-06,2699.0,2713.25,2681.300049,2707.449951,2707.449951,3884421.0,UP
2020-11-09,2731.100098,2744.0,2695.100098,2726.600098,2726.600098,3646592.0,UP
2020-11-10,2697.199951,2713.149902,2638.350098,2649.600098,2649.600098,4760020.0,DOWN
2020-11-11,2667.949951,2692.800049,2643.399902,2687.800049,2687.800049,3242441.0,UP
2020-11-12,2686.0,2713.0,2661.75,2671.050049,2671.050049,2437505.0,DOWN
2020-11-13,2655.75,2664.899902,2636.0,2656.850098,2656.850098,2548093.0,DOWN
2020-11-17,2695.0,2695.0,2650.050049,2666.050049,2666.050049,2827273.0,UP
